item_no,chapter,description,unit,rate
A2.1.1,2.0 EARTHWORK,but exceeding 1.5 m in width as well as 10 sqm on plan including disposed soil to be levelled and neatly dressed: - All Kinds of Soil,100 Sqm,7465.7
A2.2.1,2.0 EARTHWORK,"roads, flood banks, marginal banks and guide banks or filling up ground depressions, lead upto 50 m and lift upto 1.5 m. - All Kinds of soil",Cum,604.9
A2.3.1,2.0 EARTHWORK,"dressing up, in embankments for roads, flood banks, marginal banks, and guide banks etc.. lead upto 50 m and lift upto 1.5 m. - All kinds of soil",Cum,382.7
A2.4,2.0 EARTHWORK,banking excavated earth in layers not exceeding 20 cm in depth.,Cum,6.4
A2.5,2.0 EARTHWORK,Deduct for not watering the excavated earth for banking.,Cum,26.8
A2.6.1,2.0 EARTHWORK,"and disposal of excavated earth lead upto 50 m and lift upto 1.5 m, as directed by Engineer-in-Charge. - All Kinds of soil",Cum,220.9
A2.7.1,2.0 EARTHWORK,"and disposal of excavated earth lead upto 50 m and lift upto 1.5 m, as directed by Engineer-in-Charge. - Ordinary Rock",Cum,398.9
A2.7.2,2.0 EARTHWORK,"and disposal of excavated earth lead upto 50 m and lift upto 1.5 m, as directed by Engineer-in-Charge. - Hard Rock ( Requiring Blasting)",Cum,731.0
A2.7.3,2.0 EARTHWORK,"and disposal of excavated earth lead upto 50 m and lift upto 1.5 m, as directed by Engineer-in-Charge. - Hard Rock (Blasting prohibited)",Cum,761.5
A2.8.1,2.0 EARTHWORK,out the excavated soil and disposal of surplus excavated soil as directed within a lead of 50m. - All Kinds of soil,Cum,278.2
A2.9.1,2.0 EARTHWORK,out the excavated soil and disposal of surplus excavated soil as directed within a lead of 50m. - Ordinary Rock,Cum,475.5
A2.9.2,2.0 EARTHWORK,out the excavated soil and disposal of surplus excavated soil as directed within a lead of 50m. - Hard Rock ( Requiring Blasting),Cum,835.8
A2.9.3,2.0 EARTHWORK,out the excavated soil and disposal of surplus excavated soil as directed within a lead of 50m. - Hard Rock (Blasting prohibited),Cum,1101.3
A2.10.1.1,2.0 EARTHWORK,"Pipes,cables etc, not exceeding 80mm dia.",Metre,215.2
A2.11,2.0 EARTHWORK,"soil for depth exceeding 1.5 m, but not exceeding 3 m. (Rate is",Metre,126.7
A2.12,2.0 EARTHWORK,m. (Rate is over coresponding basic item for depth upto 1.5,Metre,316.0
A2.13.1.1,2.0 EARTHWORK,"Pipes, cables etc. not exceeding 80 mm dia.",Metre,315.1
A2.13.1.2,2.0 EARTHWORK,"Pipes, cables etc. exceeding 80 mm dia but not exceeding 300 - mm dia",Metre,780.3
A2.13.1.3,2.0 EARTHWORK,"Pipes, cables etc. exceeding 80 mm dia but not exceeding 300 Pipes, cables exceeding 300 mm dia but not exceeding 600mm - dia",Metre,897.9
A2.13.2.1,2.0 EARTHWORK,"Pipes, cables etc. not exceeding 80 mm dia",Metre,487.1
A2.13.2.2,2.0 EARTHWORK,"Pipes, cables etc. exceeding 80 mm dia but not exceeding 300 - mm dia",Metre,1206.0
A2.13.2.3,2.0 EARTHWORK,"Pipes, cables etc. exceeding 80 mm dia but not exceeding 300 Pipes, cables exceeding 300 mm dia but not exceeding 600mm - dia",Metre,1387.8
A2.13.3.1,2.0 EARTHWORK,"Pipes, cables etc. not exceeding 80mm dia.",Metre,612.5
A2.13.3.2,2.0 EARTHWORK,"Pipes, cables etc. exceeding 80 mm dia but not exceeding 300 - mm dia",Metre,1516.7
A2.13.3.3,2.0 EARTHWORK,"Pipes, cables etc. exceeding 80 mm dia but not exceeding 300 Pipes, cables exceeding 300 mm dia but not exceeding 600mm - dia",Metre,1745.3
A2.16.1,2.0 EARTHWORK,"Close timbering in trenches including strutting, shoring and to be taken of the face area timbered): - Depth not exceeding 1.5 m.",Sqm,117.5
A2.16.2,2.0 EARTHWORK,Depth exceeding 1.5 m but not exceeding 3 m,Sqm,126.9
A2.16.3,2.0 EARTHWORK,Depth exceeding 3m but not exceeding 4.5m,Sqm,148.4
A2.17.1,2.0 EARTHWORK,"the like including strutting, shoring and packing cavities of the face area timbered) - Depth not exceeding 1.5 m.",Sqm,125.0
A2.17.2,2.0 EARTHWORK,Depth exceeding 1.5 m but not exceeding 3 m,Sqm,145.5
A2.17.3,2.0 EARTHWORK,Depth exceeding 3 m but not exceeding 4.5 m,Sqm,167.2
A2.18.1,2.0 EARTHWORK,"Close timbering over areas including strutting, shoring and (Measurements to be taken of the face area timbered) - Depth not exceeding 1.5 m.",Sqm,105.4
A2.18.2,2.0 EARTHWORK,Depth exceeding 1.5 m but not exceeding 3 m,Sqm,116.8
A2.18.3,2.0 EARTHWORK,Depth exceeding 3 m but not exceeding 4.5 m,Sqm,128.9
A2.19,2.0 EARTHWORK,close timbering) if required to be left permanently in position,Sqm,1475.0
A2.20.1,2.0 EARTHWORK,(Face area of timber perma nently left to be measured) . complete (Measurements to be taken of the face area timbered) - Depth not exceeding 1.5 m.,Sqm,60.8
A2.20.2,2.0 EARTHWORK,Depth exceeding 1.5 m but not exceeding 3 m,Sqm,66.9
A2.20.3,2.0 EARTHWORK,Depth exceeding 3m but not exceeding 4.5m,Sqm,76.8
A2.21.1,2.0 EARTHWORK,". complete (Measurements to be taken of the face area timbered) Open timbering in case of shafts, wells, cesspits, manholes and - Depth not exceeding 1.5 m.",Sqm,54.8
A2.22.1,2.0 EARTHWORK,"‘Open timbering over areas including strutting, shoring etc. | | | | | | - Depth not exceeding 1.5 m.",Sqm,37.8
A2.23,2.0 EARTHWORK,be left permanently in position (face area of the timber,Sqm,763.2
A2.25,2.0 EARTHWORK,depth: consolidating each deposited layer by ramming and,Cum,177.3
A2.26.1,2.0 EARTHWORK,"trenches, plinth, sides of foundation etc. complete. Extra for every additonal lift of 1.5 m or part thereof in - All Kinds of soil",Cum,72.9
A2.26.2,2.0 EARTHWORK,"trenches, plinth, sides of foundation etc. complete. Extra for every additonal lift of 1.5 m or part thereof in - Ordinary or Hard Rock",Cum,130.8
A2.28.1,2.0 EARTHWORK,Surface dressing of the ground including removing vegetation and lead upto 50 m and lift upto 1.5m - All Kinds of soil,Sqm,19.6
A2.29.1,2.0 EARTHWORK,lead upto 50 m and lift upto 1.5m Ploughing the existing ground to a depth of 15 cm to 25 cm and - All Kinds of soil,Sqm,19.9
A2.30.1,2.0 EARTHWORK,"each deposited layer by ramming, watering etc, disposing of surplus excavated soil-, as directed within a lead of 50 m and lift - All Kinds of soil",Each,193.5
A2.30.2,2.0 EARTHWORK,"each deposited layer by ramming, watering etc, disposing of surplus excavated soil-, as directed within a lead of 50 m and lift - Ordinary rock",Each,318.1
A2.30.3,2.0 EARTHWORK,"each deposited layer by ramming, watering etc, disposing of surplus excavated soil-, as directed within a lead of 50 m and lift - Hard Rock (Requiring Blasting)",Each,566.5
A2.30.4,2.0 EARTHWORK,"each deposited layer by ramming, watering etc, disposing of surplus excavated soil-, as directed within a lead of 50 m and lift - Hard Rock (Blasting Prohibited)",Each,744.2
A2.31,2.0 EARTHWORK,height of 1 m above ground level and removal of rubbish upto a,Sqm,10.1
A2.32,2.0 EARTHWORK,distance of 50 m outside the periphery of the area cleared. Aum Giacethepenpeysftearadewed Sm 838205520 says sto sa9)_ 20st 820s - : :,Sqm,5.2
A2.33.1,2.0 EARTHWORK,Beyond 30 cm girth upto and including 60 cm girth,Each,307.0
A2.33.2,2.0 EARTHWORK,Beyond 60 cm girth upto and including 120 cm girth,Each,1360.7
A2.33.3,2.0 EARTHWORK,Beyond 120 cm girth upto and including 240 cm girth,Each,6327.7
A2.33.4,2.0 EARTHWORK,ground level) including cutting of trunks and branches removing unserviceable material: - Above 240 cm girth,Each,12649.5
A2.35.1.1,2.0 EARTHWORK,With Chlorpyriphos/Lindane E.C. 20% with 1% concentration,Metre,20.5
A2.35.2.1,2.0 EARTHWORK,With Chlorpyriphos/Lindane E.C. 20% with 1% concentration,Metre,24.7
A2.35.3.1,2.0 EARTHWORK,With Chlorpyriphos/Lindane E.C. 20% with 1% concentration,Sqm,178.4
A2.35.5,2.0 EARTHWORK,solution) @ 0.5 litres per hole by drilling 6 mm dia holes at),Metre,294.6
A2.36,2.0 EARTHWORK,sealing the same. ‘Extra levelling & neatly dressing of disposed soil completely as | | | | | | - P . .,Cum,10.2
A3.1,2.0 EARTHWORK,MF Cement Mortar 1:1 (1 Cement : 1 fine sand),Cum,9407.3
A3.2,2.0 EARTHWORK,MF Cement Mortar 1:2 (1 Cement : 2 fine sand),Cum,7273.5
A3.4,2.0 EARTHWORK,MF Cement Mortar 1:4 (1 Cement : 4 fine sand),Cum,5231.5
A3.6,2.0 EARTHWORK,MF Cement Mortar 1:6 (1 Cement : 6 fine sand),Cum,4254.1
A3.8,2.0 EARTHWORK,MF Cement Mortar 1:3 (1 Cement : 3 Coarse sand),Cum,7910.2
A3.9,2.0 EARTHWORK,MF Cement Mortar 1:4 (1 Cement : 4 Coarse sand),Cum,6932.9
A3.10,2.0 EARTHWORK,MF (Cement Mortar 1:5 (1 Cement : 5 Coarse sand),Cum,6406.6
A3.12,2.0 EARTHWORK,MF Cement Mortar 1:2 (1 Cement : 2 Stone dust),Cum,7200.6
A3.14,2.0 EARTHWORK,MF Cement Mortar 1:5 (1 Cement : 5 Marble Dust),Cum,4290.4
A3.16,2.0 EARTHWORK,MF (Cement Mortar 1:3 (1White Cement : 3 Marble Dust),Cum,15056.6
A3.18,2.0 EARTHWORK,Mud Mortar,Cum,1958.6
A3.19,2.0 EARTHWORK,"Mortar in lime, surkhi (50% red and 50% light yellow) and marbel - dust 1:1.5:0.5",Cum,2726.8
A4.1.2,4.0 CONCRETE WORK,upto Plinth Level 1:1.5:3 (1 Cement: 1.5 coarse sand : 3 graded stone aggregate 20 - MF P :,Cum,10562.1
A4.1.3,4.0 CONCRETE WORK,mm nominal size) 1:2:4 (1 Cement : 2 coarse sand : 4 graded stone aggregate 20 - MF : P,Cum,9968.9
A4.1.4,4.0 CONCRETE WORK,mm nominal size) 1:2:4 (1 Cement : 2 coarse sand : 4 graded stone aggregate 40 - MF : P,Cum,9552.4
A4.1.5,4.0 CONCRETE WORK,mm nominal size) 1:3:6 (1 Cement : 3 coarse sand : 6 graded stone aggregate 20 - MF : P,Cum,9224.8
A4.1.6,4.0 CONCRETE WORK,mm nominal size) 1:3:6 (1 Cement : 3 coarse sand : 6 graded stone aggregate 40 - MF : P,Cum,8704.2
A4.1.8,4.0 CONCRETE WORK,mm nominal size) 1:4:8 (1 Cement : 4 coarse sand (zone Ill): 8 graded stone - MF : :,Cum,8201.3
A4.1.10,4.0 CONCRETE WORK,aggregate 40 mm nominal size) 1:5:10 (1 cement : 5 coarse sand(zone Ill) : 10 graded stone - MF : :,Cum,7798.9
A4.1.11,4.0 CONCRETE WORK,aggregate 40 mm nominal size) 1:5:10 (1 cement : 5 fine sand : 10 graded stone aggregate 40 - MF : :,Cum,6784.0
A4.1.12,4.0 CONCRETE WORK,MF sand (zone Ill): 9 graded stone aggregate 40 mm nominal size),Cum,7756.6
A4.1.13,4.0 CONCRETE WORK,MF coarse sand (zone Ill): 11 graded stone aggregate 40 mm nominal,Cum,7219.1
A4.2.2,4.0 CONCRETE WORK,"excluding the cost of centering, shuttering and finishing. 121.533 (1 Cement: 1.5 coarse sand : 3 graded stone aggregate | | | | | | - MF : P",Cum,10669.5
A4.2.3,4.0 CONCRETE WORK,20 mm nominal size) 1:2:4 (1 Cement : 2 coarse sand : 4 graded stone aggregate 20 - MF : P,Cum,10019.5
A4.2.5,4.0 CONCRETE WORK,mm nominal size) 1:3:6 (1 Cement : 3 coarse sand : 6 graded stone aggregate 20 - MF : P,Cum,9258.3
A4.2.8,4.0 CONCRETE WORK,mm nominal size) 1:5:10 (1 Cement : 5 coarse sand : 10 graded stone aggregate 40 - MF : :,Cum,8221.7
A4.3.1,removal of form work for:,"removal of form work for: - Foundations, footings, bases of Columns",Sqm,263.4
A4.3.2,removal of form work for:,"attached pilasters, buttresses, plinth and string courses fillets,",Sqm,551.4
A4.3.3,removal of form work for:,"‘Columns, piers, abutments, pillars, posts and struts.",Sqm,662.2
A4.4.1,removal of form work for:,"Providing and laying cement concrete in kerbs, steps and the like 1:1.5:3 (1 cement : 2 coarse sand : 3 grade stone aggregate 20 - MF P :",Cum,10562.1
A4.5.1,removal of form work for:,3 fine sand) on exposed surfaces complete. 121.533 (1 cement: 1.5 coarse sand: 3 graded stone aggregate | | | | | | - MF P :,Cum,11925.0
A4.6.1,removal of form work for:,3 fine sand) on exposed surfaces complete. 1:1.5:3 (1 cement: 1.5 coarse sand: 3 graded stone aggregate - MF : F,Cum,10858.8
A4.7.1,removal of form work for:,1:3 (1 cement: 3 fine sand) on exposed surfaces complete. 1:1.5:3 (1 cement: 1.5 coarse sand: 3 graded stone aggregate - MF : F,Cum,16989.7
A4.8.1,removal of form work for:,"centring, shuttering and finishing Complete 1:1.5:3 (1 cement: 1.5 coarse sand: 3 graded stone aggregate - MF : F",Cum,18393.0
A4.9,removal of form work for:,embedded 150 in cement concrete 1:3:6 ( 1cement: 3 coarse,Each,862.4
A4.10,removal of form work for:,MF concrete 1:2:4 (1 Cement : 2 coarse sand : 4 graded stone,Sqm,875.4
A4.11,removal of form work for:,MF concrete 1:2:4 (1 Cement : 2 coarse sand : 4 graded stone,Sqm,572.5
A4.13,removal of form work for:,MF course after cleaning the surface with brushes and finally with a,Sqm,157.5
A4.14,removal of form work for:,piece of cloth lightly soaked in kerosene oil Extra for concrete work in superstructure above floor V level for - each four floors or part thereof,Cum,903.1
A4.16,removal of form work for:,Extra for laying concrete in or under foul positions,Cum,275.6
A4.17,removal of form work for:,"size, well rammed and consolidated and grouted with fine sand",Sqm,715.4
A4.19.1.1,finishing the top smooth.,cement is to be ensured in accordance with Clauses 5.2 & 5.2.1 of 1S:456-2000 in the items of BMC & RMC. - M15 grade plain cement concrete,Cum,15523.0
A4.19.1.2,finishing the top smooth.,cement is to be ensured in accordance with Clauses 5.2 & 5.2.1 of 1S:456-2000 in the items of BMC & RMC. - M10 Grade plain cement concrete,Cum,15784.2
A4.19.2.1,finishing the top smooth.,of 1S:456-2000 in the items of BMC & RMC. - 'M15 grade plain cement concrete,Cum,15785.2
A4.19.2.2,finishing the top smooth.,of 1S:456-2000 in the items of BMC & RMC. - M10 grade plain cement concrete,Cum,15578.1
A4.20.1.1,finishing the top smooth.,(1) Excess/Less cement used than specified in this Item is payable/recoverable seperately. - M15 grade plain cement concrete,Cum,16438.5
A4.20.1.2,finishing the top smooth.,(1) Excess/Less cement used than specified in this Item is payable/recoverable seperately. - 'M10 grade plain cement concrete,Cum,16231.4
A4.20.2.1,finishing the top smooth.,payable/recoverable seperately. - 'M15 grade plain cement concrete,Cum,16232.4
A4.20.2.2,finishing the top smooth.,payable/recoverable seperately. - M10 grade plain cement concrete,Cum,16025.3
A5.1.3,5.0 REINFORCED CEMENT CONCRETE,finishing and reinforcement - All work upto plinth level 20 mm nominal size) - MF . .,Cum,10381.7
A5.2.2,5.0 REINFORCED CEMENT CONCRETE,"struts, etc. upto floor five level excluding cost of centring, shuttering, finishing and reinforcement. - MF . .",Cum,12320.4
A5.3,5.0 REINFORCED CEMENT CONCRETE,"MF upto floor five level excluding the cost of centring, shuttering,",Cum,12681.4
A5.4,5.0 REINFORCED CEMENT CONCRETE,"MF centring, shuttering, finishing and reinforcement with 1:1.5:3 (1",Cum,15553.7
A5.5,5.0 REINFORCED CEMENT CONCRETE,"MF upto floor five level excluding the cost of centring, shuttering,",Cum,13145.7
A5.7,5.0 REINFORCED CEMENT CONCRETE,MF 4.4.5.3 (1 cement; 1.5 coarse sand; 3 graded stone aggregate,Cum,10610.3
A5.8,5.0 REINFORCED CEMENT CONCRETE,"MF plinth level upto floor 5 level, excluding the cost of centring,",Cum,290.3
A5.9.1,5.0 REINFORCED CEMENT CONCRETE,"Foundations, footings, bases of columns etc. for mass concrete.",Sqm,263.4
A5.9.2,5.0 REINFORCED CEMENT CONCRETE,"Centering and shuttering including strutting, propping etc. and Walls (any thickness) including attached pilasters, butteresses, - . .",Sqm,551.6
A5.9.3,5.0 REINFORCED CEMENT CONCRETE,"Suspended floors, roofs, landings, balconies and access platform.",Sqm,618.1
A5.9.4,5.0 REINFORCED CEMENT CONCRETE,"Walls (any thickness) including attached pilasters, butteresses, plinth and string courses etc. - Shelves (Cast in Situ)",Sqm,618.1
A5.9.5,5.0 REINFORCED CEMENT CONCRETE,"Lintles, Beams, Plinth beams, Girders, Bressumers & Cantilevers",Sqm,499.8
A5.9.6,5.0 REINFORCED CEMENT CONCRETE,"Columns, Pillars, Piers, Abutments, Posts & Struts",Sqm,662.2
A5.9.7,5.0 REINFORCED CEMENT CONCRETE,Stairs (Excluding Landings) except spiral stair cases,Sqm,552.1
A5.9.8,5.0 REINFORCED CEMENT CONCRETE,plinth and string courses etc. - Spiral staircases (including landing),Sqm,569.3
A5.9.9,5.0 REINFORCED CEMENT CONCRETE,"Arches, Domes, Vaults upto 6 meter span",Sqm,1553.1
A5.9.10,5.0 REINFORCED CEMENT CONCRETE,"Extra for Arches, Domes, Vaults exceeding 6 meter span",Sqm,5834.2
A5.9.11,5.0 REINFORCED CEMENT CONCRETE,Chimneys and Shafts,Sqm,551.6
A5.9.12,5.0 REINFORCED CEMENT CONCRETE,Well Steining,Sqm,257.9
A5.9.13,5.0 REINFORCED CEMENT CONCRETE,"A590 nacusangerestnaes nn NE"" SNS sym ran seaso__ 7.89 sonso__ tha) i970 snaps. tk",Sqm,897.8
A5.9.15,5.0 REINFORCED CEMENT CONCRETE,"cornices, window sills, string courses, bands, copings, bed plates,",Sqm,263.4
A5.9.16.1,5.0 REINFORCED CEMENT CONCRETE,"Small lintels not exceeding 1.5m clear span, moulding as in anchor blocks and the like, - Under 20 cm wide",Sqm,153.6
A5.9.16.2,5.0 REINFORCED CEMENT CONCRETE,"Small lintels not exceeding 1.5m clear span, moulding as in anchor blocks and the like, - Above 20 cm wide",Sqm,655.1
A5.9.17,5.0 REINFORCED CEMENT CONCRETE,"Small lintels not exceeding 1.5m clear span, moulding as in anchor blocks and the like, - Cornices and Mouldings",Sqm,673.4
A5.9.18,5.0 REINFORCED CEMENT CONCRETE,"steps, caps and bases to pilasters and columns and the like",Sqm,680.0
A5.9.19,5.0 REINFORCED CEMENT CONCRETE,"Weather shade, Chajjas, Corbles etc., including edges",Sqm,684.5
A5.9.20,5.0 REINFORCED CEMENT CONCRETE,"Small surfaces such as cantilever ends, brackets and ends of Suspended floors, roofs, landings, balconies and access platform - with water proof ply 12mm thick",Sqm,718.5
A5.9.21,5.0 REINFORCED CEMENT CONCRETE,"Suspended floors, roofs, landings, balconies and access platform Lintels, Beams, Plinth beams, Girders, Bressumers & Cantilevers - with water proof ply 12mm thick",Sqm,600.1
A5.10.1,5.0 REINFORCED CEMENT CONCRETE,"Lintels, Beams, Plinth beams, Girders, Bressumers & Cantilevers Providing and fixing tie bolt, spring coil and plastic cone in wall - MF 12mm dia & 100 mm length",Set,171.5
A5.10.2,5.0 REINFORCED CEMENT CONCRETE,"Lintels, Beams, Plinth beams, Girders, Bressumers & Cantilevers Providing and fixing tie bolt, spring coil and plastic cone in wall - MF 12mm dia. & 150 mm length",Set,188.0
A5.10.3,5.0 REINFORCED CEMENT CONCRETE,"Lintels, Beams, Plinth beams, Girders, Bressumers & Cantilevers Providing and fixing tie bolt, spring coil and plastic cone in wall - MF 20 mm dia.& 150 mm length",Set,202.8
A5.10.4,5.0 REINFORCED CEMENT CONCRETE,"Providing and fixing tie bolt, spring coil and plastic cone in wall - MF 20 mm dia.& 225 mm length",Set,219.2
A5.12,5.0 REINFORCED CEMENT CONCRETE,"MF the like including the cost of required centring, shuttering, but",Cum,12215.3
A5.14,5.0 REINFORCED CEMENT CONCRETE,"MF coarse sand) cost of required centring, shuttering but excluding",Cum,17124.0
A5.15,5.0 REINFORCED CEMENT CONCRETE,"MF coarse sand), cost of required centring, shuttering but excluding",Cum,14556.6
A5.16,5.0 REINFORCED CEMENT CONCRETE,"MF required centring, shutteringand finishing with neat cement",Cum,24308.5
A5.17,5.0 REINFORCED CEMENT CONCRETE,MF 1:2 (1 cement . 2 coarse sand) including the cost of required,Cum,13095.3
A5.18.1,5.0 REINFORCED CEMENT CONCRETE,"cement : 3 fine sand) etc. complete excluding plastering of the jambs, sills and soffits. - MF 50 mm thick",Sqm,1467.2
A5.18.2,5.0 REINFORCED CEMENT CONCRETE,"cement : 3 fine sand) etc. complete excluding plastering of the jambs, sills and soffits. - MF (40 mm thick",Sqm,1317.5
A5.18.3,5.0 REINFORCED CEMENT CONCRETE,"cement : 3 fine sand) etc. complete excluding plastering of the jambs, sills and soffits. - MF (25 mm thick",Sqm,1164.4
A5.19,5.0 REINFORCED CEMENT CONCRETE,MF aggregate 20 mm nominal size) including centring and shuttering,Cum,15841.2
A5.20,5.0 REINFORCED CEMENT CONCRETE,MF nominal size) including centring and shuttering but excluding,Cum,11423.6
A5.21,5.0 REINFORCED CEMENT CONCRETE,"MF kg. per sqm. for encasing of rolled steel sections in beams,",Sqm,526.9
A5.22.2,5.0 REINFORCED CEMENT CONCRETE,"‘STEEL REINFORCEMENT Reinforcement for R.C.C. work including straightening, cutting, - Hard drawn steel wire",Kg,98.4
A5.22.3,5.0 REINFORCED CEMENT CONCRETE,"‘STEEL REINFORCEMENT Reinforcement for R.C.C. work including straightening, cutting, - Cold twisted bars",kg,91.0
A5.22.4,5.0 REINFORCED CEMENT CONCRETE,"‘STEEL REINFORCEMENT Reinforcement for R.C.C. work including straightening, cutting, - Hot rolled deformed bars (Tor)",Kg,91.0
A5.22.5,5.0 REINFORCED CEMENT CONCRETE,"Reinforcement for R.C.C. work including straightening, cutting, - Hard drawn steel wire fabric",kg,108.0
A5.23,5.0 REINFORCED CEMENT CONCRETE,complete above plinth level Smooth finishing of the exposed surface of RCC work with 6mm - . ; oe,Sqm,215.7
A5.24,5.0 REINFORCED CEMENT CONCRETE,and protecting the surface with a layer of 7.5cm of earth laid,Sqm,157.7
A5.25,5.0 REINFORCED CEMENT CONCRETE,"A525 Smnjane ""SN SOMET ANS PEGG g___ 030 a9 serge Tom.79 oman soso sons sisso_ sero ento sony",Kg,890.2
A5.27,5.0 REINFORCED CEMENT CONCRETE,"80 kg of hot bitumen, 1 kg of cement and 0.25 cum of coarse",Cum,31188.1
A5.28,5.0 REINFORCED CEMENT CONCRETE,"impregnated fibre board conforming to IS-1838, including cost of",Cum,66.2
A5.29.1.2,5.0 REINFORCED CEMENT CONCRETE,Providing and fixing sheet covering over expansion joints with N52 onscoer sre en - 200 mm wide,Metre,258.1
A5.29.2.1,5.0 REINFORCED CEMENT CONCRETE,Providing and fixing sheet covering over expansion joints with N52 onscoer sre en - 150 mm wide,Metre,561.4
A5.29.2.2,5.0 REINFORCED CEMENT CONCRETE,Providing and fixing sheet covering over expansion joints with N52 onscoer sre en - 200 mm wide,Metre,745.4
A5.32,5.0 REINFORCED CEMENT CONCRETE,Extra for laying RCC in or under foul positions,Cum,275.6
A5.33.1,5.0 REINFORCED CEMENT CONCRETE,item is @ 330 kg/cum. Excess or less cement used as per design mix is payable or recoverable seperately) - MF All works upto Plinth level,Cum,16947.0
A5.33.2,5.0 REINFORCED CEMENT CONCRETE,MF All works above Plinth level upto floor 5 level,Cum,18078.9
A5.34.1,5.0 REINFORCED CEMENT CONCRETE,MF NOTE: Coment content considered in wane a aoke/cum),Cum,103.5
A5.34.2,5.0 REINFORCED CEMENT CONCRETE,MF (NOTE: Cement content considered in M-35 is @ 350Kg/cum),Cum,2334.8
A5.34.3,5.0 REINFORCED CEMENT CONCRETE,MF (NOTE: Cement content considered in M-40 is @ 360Kg/cum),Cum,310.6
A5.37.1,5.0 REINFORCED CEMENT CONCRETE,Excess or less cement used as per design mix is payable or recoverable seperately) - All works upto Plinth level,Cum,17415.2
A5.37.2,5.0 REINFORCED CEMENT CONCRETE,All works above Plinth level upto floor V level,Cum,18547.1
A5.40.1,5.0 REINFORCED CEMENT CONCRETE,in accordance with Clauses 5.2 and 5.2.1 of 1$:456-2000 in the items of BMC and RMC) - All works upto Plinth level,Cum,16923.2
A5.40.2,5.0 REINFORCED CEMENT CONCRETE,All works above Plinth level and upto floor-V level,Cum,18055.1
A5.41.1,5.0 REINFORCED CEMENT CONCRETE,"Supplyinfg and applying pre tested and approved water based concrete curing compound to concrete or masonary surface, all - Non pigmented wet curing compound",Sqm,50.2
A5.42.1,5.0 REINFORCED CEMENT CONCRETE,Coupler for 16 mm diameter reinforcement bar,Each,120.3
A5.42.2,5.0 REINFORCED CEMENT CONCRETE,Coupler for 20 mm diameter reinforcement bar,Each,166.5
A5.42.3,5.0 REINFORCED CEMENT CONCRETE,Coupler for 25 mm diameter reinforcement bar,Each,240.5
A5.42.4,5.0 REINFORCED CEMENT CONCRETE,Coupler for 28 mm diameter reinforcement bar,Each,281.2
A5.42.5,5.0 REINFORCED CEMENT CONCRETE,Coupler for 32 mm diameter reinforcement bar,Each,339.3
A5.43.1,5.0 REINFORCED CEMENT CONCRETE,Providing and fixing in position Stainless steel Grade-304 plate - 200 mm wide,Metre,831.0
A5.43.2,5.0 REINFORCED CEMENT CONCRETE,Providing and fixing in position Stainless steel Grade-304 plate - 300 mm wide,Metre,1193.2
A5.44.1,5.0 REINFORCED CEMENT CONCRETE,manufacturer's design and as approved by Engineer-in-charge. (Material shall confirm to ASTM 6063). - Floor joint of 100 mm gap,Metre,6384.0
A5.44.2,5.0 REINFORCED CEMENT CONCRETE,manufacturer's design and as approved by Engineer-in-charge. (Material shall confirm to ASTM 6063). - Floor joint of 150 mm gap,Metre,7927.0
A5.44.3,5.0 REINFORCED CEMENT CONCRETE,manufacturer's design and as approved by Engineer-in-charge. (Material shall confirm to ASTM 6063). - Floor joint of 200 mm gap,Metre,10294.0
A5.45.1,5.0 REINFORCED CEMENT CONCRETE,surfaces mechanically snap locking the multicellular to facilitate movement. (Material shall confirm to ASTM 6063). - Wall joint of 100 mm gap,Metre,5231.5
A5.45.2,5.0 REINFORCED CEMENT CONCRETE,surfaces mechanically snap locking the multicellular to facilitate movement. (Material shall confirm to ASTM 6063). - Wall joint of 150 mm gap,Metre,5951.8
A5.45.3,5.0 REINFORCED CEMENT CONCRETE,surfaces mechanically snap locking the multicellular to facilitate movement. (Material shall confirm to ASTM 6063). - Wall joint of 200 mm gap,Metre,7001.3
A5.46.1,5.0 REINFORCED CEMENT CONCRETE,in the joint system to have water tight joint is mandatory requirement. (Material shall confirm to ASTM 6063). - Roof joint of 100 mm gap,Metre,5890.1
A5.46.2,5.0 REINFORCED CEMENT CONCRETE,in the joint system to have water tight joint is mandatory requirement. (Material shall confirm to ASTM 6063). - Roof joint of 150 mm gap,Metre,6610.3
A5.46.3,5.0 REINFORCED CEMENT CONCRETE,in the joint system to have water tight joint is mandatory requirement. (Material shall confirm to ASTM 6063). - Roof joint of 200 mm gap,Metre,7989.1
A5.47.1,5.0 REINFORCED CEMENT CONCRETE,per the ditrection of engineer-in-charge. The frame shall be measured in running metre correct to two places of decimal. - Door frame 125 mm x 60 mm,Metre,3707.4
A5.47.2,5.0 REINFORCED CEMENT CONCRETE,per the ditrection of engineer-in-charge. The frame shall be measured in running metre correct to two places of decimal. - Door frame 100 mm x 60 mm,Metre,3399.0
A5.47.3,5.0 REINFORCED CEMENT CONCRETE,per the ditrection of engineer-in-charge. The frame shall be measured in running metre correct to two places of decimal. - Door frame 85 mm x 60 mm,Metre,3240.7
A5.48.1,5.0 REINFORCED CEMENT CONCRETE,considered in this item is 480 Kg/cum. Excess or less cement used as per design mix is payable or recoverable seperately. - Reinforced Cement Concrete M-50,Cum,13192.9
A5.48.2,5.0 REINFORCED CEMENT CONCRETE,considered in this item is 480 Kg/cum. Excess or less cement used as per design mix is payable or recoverable seperately. - Reinforced Cement Concrete M-60,Cum,14667.0
A5.48.3,5.0 REINFORCED CEMENT CONCRETE,used as per design mix is payable or recoverable seperately. Extra for using M50 or M60 grade self compacting cement - concrete,Cum,1000.7
A5.49,5.0 REINFORCED CEMENT CONCRETE,"same after casting, including chipping off the bentonite adulterated concrete or unsound concrete upto the cutoff level - : ;",Cum,25392.3
A6.1.1,6.0 BRICKWORK,MF Cement mortar 1:4 (1 cement : 4 fine sand),Cum,10918.7
A6.1.2,6.0 BRICKWORK,MF Cement mortar 1:6 (1 cement : 6 fine sand),Cum,10591.8
A6.2.1,6.0 BRICKWORK,MF Cement mortar 1:4 (1 cement : 4 coarse sand),Cum,6553.2
A6.2.2,6.0 BRICKWORK,MF |Cement mortar 1:6 (1 cement : 6 coarse sand),Cum,6265.5
A6.3.1,6.0 BRICKWORK,mortsr 1:6 (1 cement : 6 coarse sand) bricks of class designation 7.5 in foundation and plinth in - MF With F.P.S ( Non-Modular) bricks,Cum,8612.4
A6.3.2,6.0 BRICKWORK,mortsr 1:6 (1 cement : 6 coarse sand) bricks of class designation 7.5 in foundation and plinth in - MF = With Modular bricks,Cum,8412.1
A6.4.1,6.0 BRICKWORK,MF | Cement mortar 1:4 (1 cement : 4 fine sand),Cum,12122.9
A6.4.2,6.0 BRICKWORK,MF | Cement mortar 1:6 (1 cement : 6 coarse sand),Cum,11796.0
A6.5,6.0 BRICKWORK,"superstructure above floor-V level, for each Four floors or part",Cum,1337.9
A6.6,6.0 BRICKWORK,providing and fixing bitumastic coated M.S ties 300 mm long of,Sqm,170.8
A6.7,6.0 BRICKWORK,cement : 3 coarse sand) in super structure for closing cavity 5 to —,Metre,394.8
A6.8,6.0 BRICKWORK,cement : 3 coarse sand) in super structure above plinth level &,Sqm,1037.9
A6.9,6.0 BRICKWORK,MF complete for span upto 6 meters with common burnt clay F.P.S.,Cum,16332.1
A6.10,6.0 BRICKWORK,"MF sand) including centering and shuttering complete, for span upto",Cum,19282.1
A6.11,6.0 BRICKWORK,"meter span including all shuttering, bolting, wedging and",Sqm,461.6
A6.12.1,6.0 BRICKWORK,MF Cement mortar 1:3(1 cement : 3 coarse sand),Sqm,1320.5
A6.12.2,6.0 BRICKWORK,MF Cement mortar 1:4 (1 cement : 4 coarse sand),Sqm,1283.9
A6.13.1,6.0 BRICKWORK,MF Cement mortar 1:3 (1 cement : 3 coarse sand),Sqm,1451.3
A6.13.2,6.0 BRICKWORK,MF Cement mortar 1:4 (1 cement : 4 coarse sand),Sqm,1414.7
A6.14,6.0 BRICKWORK,"Ao ferewrttaonepaeterctgymecininens ""4 Ra) aya) a) a) ala",Sqm,22.4
A6.15,6.0 BRICKWORK,for every 4 floors or part thereof by mechanical means At Saaateerytiecauaeaf ta ones SM FOR s007 0D ESA fos) sora]__Y0s70 eBay) tonGo ma) er - . :,Sqm,100.7
A6.16.1,6.0 BRICKWORK,MF Cement mortar 1:4 (1 cement : 4 coarse sand),Cum,11760.2
A6.16.2,6.0 BRICKWORK,MF Cement mortar 1:6 (1 cement : 6 coarse sand),Cum,11237.1
A6.17,6.0 BRICKWORK,MF 1) in foundation and plinth in cement mortar 1:6 ( 1 cement : 6,Cum,11748.8
A6.18,6.0 BRICKWORK,MF evel upto floor V level in cement mortar 1:6 (1 cement : 6,Cum,12533.2
A6.20,6.0 BRICKWORK,MF level upto floor V level in cement mortar 1:4 (1 cement : 4,Cum,16698.3
A6.21,6.0 BRICKWORK,MF structure above plinth level upto floor V level in cement mortar,Cum,19313.3
A6.22,6.0 BRICKWORK,"Tile brick masonary work 5 cm thick with common burnt clay FPS (non modular) Tile bricks of Class designation 10 in cement - MF ; , :",Sqm,817.1
A6.23,6.0 BRICKWORK,Honey comb brick work 10/11.4 cm thick with common burnt clay bricks of Class designation 7.5 in super structure above plinth and - MF : ; :,Sqm,904.5
A6.25,6.0 BRICKWORK,Extra for laying brick work in or under foul position,Cum,275.6
A6.26.1,6.0 BRICKWORK,bricks of Class designation 7.5 in exposed brick work including complete in cement mortar 1:6 (1 cement : 6 coarse sand) - MF From ground level upto plinth level,Cum,10739.7
A6.26.2,6.0 BRICKWORK,bricks of Class designation 7.5 in exposed brick work including complete in cement mortar 1:6 (1 cement : 6 coarse sand) - MF Above plinth level upto floor V level,Cum,12004.1
A6.27.1,6.0 BRICKWORK,designation 7.5 in exposed brick work including making horizontal cement mortar 1:6 (1 cement : 6 coarse sand) - MF From ground level upto plinth level,Cum,6310.4
A6.27.2,6.0 BRICKWORK,designation 7.5 in exposed brick work including making horizontal cement mortar 1:6 (1 cement : 6 coarse sand) - MF Above plinth level upto floor V level,Cum,7287.8
A6.28.1,6.0 BRICKWORK,"making horizontal and vertical grooves 10mm wide, 12mm deep, complete in cement mortar 1:6 (1 cement : 6 coarse sand) - MF From ground level upto plinth level",Cum,7112.2
A6.28.2,6.0 BRICKWORK,"making horizontal and vertical grooves 10mm wide, 12mm deep, complete in cement mortar 1:6 (1 cement : 6 coarse sand) - MF Above plinth level upto floor V level",Cum,8256.2
A6.29.1,6.0 BRICKWORK,"modular) bricks of Class designation 12.5 in exposed brick work 12mm deep, complete in cement mortar 1:6 (1 cement : 6 coarse - MF From ground level upto plinth level",Cum,7697.2
A6.29.2,6.0 BRICKWORK,"modular) bricks of Class designation 12.5 in exposed brick work 12mm deep, complete in cement mortar 1:6 (1 cement : 6 coarse - MF Above plinth level upto floor V level",Cum,8849.2
A6.30.1,Brick work with common burnt clay machine moulded,"horizontal and vertical grooves 10mm wide, 12mm _ deep, complete in cement mortar 1:6 (1 cement : 6 coarse sand) - MF From ground level upto plinth level",Cum,7453.2
A6.30.2,Brick work with common burnt clay machine moulded,"horizontal and vertical grooves 10mm wide, 12mm _ deep, complete in cement mortar 1:6 (1 cement : 6 coarse sand) - MF Above plinth level upto floor V level",Cum,8657.4
A6.31.1,Brick work with common burnt clay machine moulded,"grooves 10mm wide, 12mm deep, complete in cement mortar 1:6 (1 cement : 6 coarse sand) - MF From ground level upto plinth level",Cum,7272.5
A6.31.2,Brick work with common burnt clay machine moulded,"grooves 10mm wide, 12mm deep, complete in cement mortar 1:6 (1 cement : 6 coarse sand) - MF From ground level upto plinth level",Cum,8476.7
A6.32.1,Brick work with common burnt clay machine moulded,MF Cement mortar 1:4 (1 cement : 4 coarse sand),Cum,8407.5
A6.32.2,Brick work with common burnt clay machine moulded,MF | Cement mortar 1 : 6 (1 cement : 6 coarse sand),Cum,8649.7
A6.34.1,Brick work with common burnt clay machine moulded,MF Cement mortar 1:4 (1 cement : 4 coarse sand),Cum,7785.4
A6.34.2,Brick work with common burnt clay machine moulded,MF Cement mortar 1:6 (1 cement : 6 coarse sand),Cum,7998.5
A6.35.1,Brick work with common burnt clay machine moulded,MF Cement mortar 1:4 (1 cement : 4 coarse sand),Cum,8667.4
A6.35.2,Brick work with common burnt clay machine moulded,MF Cement mortar 1:6 (1 cement : 6 coarse sand),Cum,8880.5
A6.36.1,Brick work with common burnt clay machine moulded,MF Cement mortar 1:4 (1 cement : 4 coarse sand),Cum,7174.8
A6.37,Brick work with common burnt clay machine moulded,MF ( conforminng to IS : 4885) in arches in foundation and plinth in,Cum,11893.9
A6.38,Brick work with common burnt clay machine moulded,MF level upto floor V level in cement mortar 1:4 (1 cement : 4,Cum,9222.4
A6.40,Brick work with common burnt clay machine moulded,with bonding plaster as per manufacturer's specifications in,Sqm,1004.6
A6.41,Brick work with common burnt clay machine moulded,Extra for Gypsum panel Partition in superstructure above floor V,Sqm,104.2
A6.44,Brick work with common burnt clay machine moulded,7.5 including grouting with cement mortar 1:4 (1 cement : 4 fine,Metre,86.4
A6.45.1,Brick work with common burnt clay machine moulded,MF Cement mortar 1:3 (1 cement : 3 coarse sand),Sqm,586.4
A6.45.2,Brick work with common burnt clay machine moulded,MF Cement mortar 1:4 (1 cement : 4 coarse sand),Sqm,613.5
A7.1.1,7.0 STONE WORK,MF Cement mortar 1:6 (1 cement: 6 coarse sand),Cum,6822.6
A7.2.1,7.0 STONE WORK,MF Cement mortar 1:6 (1 cement: 6 coarse sand),Cum,7342.9
A7.4.2,7.0 STONE WORK,"stone aggregate 20 mm nominal size) at window sills, ceiling level and the like : - Circular Pillars",Cum,1819.2
A7.5,7.0 STONE WORK,level and the like : ‘Extra for random rubble masonry with hard stone curved on plan | | | | | | - for a mean radius not exceeding 6 m,Cum,697.4
A7.6.1,7.0 STONE WORK,MF Cement mortar 1:6 (1 cement : 6 coarse sand),Cum,7747.3
A7.7.1,7.0 STONE WORK,MF Cement mortar 1:6 (1 cement : 6 coarse sand),Cum,7280.6
A7.10.1,7.0 STONE WORK,"Masonry work ( second sort), in Cement mortar 1:6 (1 cement : 6 Extra for coursed random rubble masonry with hard stone (first - Square or rectangular pillars",Cum,700.4
A7.10.2,7.0 STONE WORK,"Masonry work ( second sort), in Cement mortar 1:6 (1 cement : 6 Extra for coursed random rubble masonry with hard stone (first - Circular Pillars",Cum,2068.3
A7.11,7.0 STONE WORK,or second sort) curved on plan for a mean radius not exceeding 6,Cum,761.7
A7.12.1.2,7.0 STONE WORK,cement mortar 1:6 (1 cement : 6 coarse sand) including pointing admixture of pigment matching the stone shade : - White sand stone,Cum,73573.2
A7.12.2.1,7.0 STONE WORK,cement mortar 1:6 (1 cement : 6 coarse sand) including pointing admixture of pigment matching the stone shade : - Red sand stone,Cum,60527.3
A7.12.2.2,7.0 STONE WORK,admixture of pigment matching the stone shade : - White sand stone,Cum,88116.6
A7.13.1.1,7.0 STONE WORK,white cement : 2 stone dust) with an admixture of pigment matching the stone shade - Red sand stone,Cum,53089.5
A7.13.1.2,7.0 STONE WORK,white cement : 2 stone dust) with an admixture of pigment matching the stone shade - White sand stone,Cum,80678.8
A7.13.2.2,7.0 STONE WORK,white cement : 2 stone dust) with an admixture of pigment matching the stone shade - White sand stone,Cum,95222.1
A7.14.1.2,7.0 STONE WORK,white cement : 2 stone dust) with an admixture of pigment matching the stone shade : - White sand stone,Cum,110690.0
A7.14.2.1,7.0 STONE WORK,white cement : 2 stone dust) with an admixture of pigment matching the stone shade : - Red sand stone,Cum,121191.8
A7.14.2.2,7.0 STONE WORK,white cement : 2 stone dust) with an admixture of pigment matching the stone shade : - White sand stone,Cum,148781.1
A7.15.1.1,7.0 STONE WORK,V level in cement mortar 1:6 (1 cement : 6 coarse sand) including with an admixture of pigment matching the stone shade : - Red sand stone,Cum,43655.9
A7.15.1.2,7.0 STONE WORK,V level in cement mortar 1:6 (1 cement : 6 coarse sand) including with an admixture of pigment matching the stone shade : - White sand stone,Cum,71245.2
A7.15.2.2,7.0 STONE WORK,with an admixture of pigment matching the stone shade : - White sand stone,Cum,83460.6
A7.16,7.0 STONE WORK,masonry/ashlar masonry above floor V level for every four floors,Cum,1204.1
A7.17.1,7.0 STONE WORK,"Extra for stone work, random _ rubble/ coursed rubble or part thereof: - Square or Rectangular pillars",Cum,2953.5
A7.18,7.0 STONE WORK,or part thereof: Extra for stone work; plain ashlar or ashlar punched curved on - : : :,Cum,2054.6
A7.19,7.0 STONE WORK,"span including all strutting, bolting, wedging etc. and removal",Sqm,461.6
A7.20.1,7.0 STONE WORK,floor V level in cement mortar 1:6 (1 cement : 6 coarse sand) : 2 stone dust) with an admixture of pigment matching the stone - Red sand stone,Cum,64933.9
A7.20.2,7.0 STONE WORK,floor V level in cement mortar 1:6 (1 cement : 6 coarse sand) : 2 stone dust) with an admixture of pigment matching the stone - white sand stone,Cum,92523.2
A7.21.1,7.0 STONE WORK,triangular or square or rectangular pillars,Cum,3852.4
A7.21.2,7.0 STONE WORK,Extra for stone work; ashlar sunk or moulded or sunk and moulded or carved in : - Circular or polygonal pillars,Cum,10915.2
A7.22,7.0 STONE WORK,Extra for stone work ashlar sunk or moulded in cornices,Cum,852.9
A7.26,7.0 STONE WORK,wedge shape as per design in cement mortar 1:2 (1 cement : 2,Each,59.3
A7.28.1.1,7.0 STONE WORK,matching the stone shade: With common burnt clay F.P.S (non- modular) bricks of class - designation 7.5,Sqm,2134.7
A7.29.1,7.0 STONE WORK,cement: 2 stone dust) with an admixture of pigment matching the stone shade: - Red sand stone,Sqm,1278.0
A7.29.2,7.0 STONE WORK,cement: 2 stone dust) with an admixture of pigment matching the stone shade: - White sand stone,Sqm,1278.0
A7.30,7.0 STONE WORK,"red sand stone brackets, fixed in walls with cement mortar 1:4 (1",Sqm,1512.9
A7.31,7.0 STONE WORK,and moulded including providing and fixing with 4 Nos gun metal,Each,4858.9
A7.32.1,7.0 STONE WORK,"white cement : 2 stone dust), with an admixture of pigment matching the stone shade. - Red sand stone",Cum,78692.4
A7.32.2,7.0 STONE WORK,"white cement : 2 stone dust), with an admixture of pigment matching the stone shade. - White sand stone",Cum,115605.0
A7.33.1,7.0 STONE WORK,"an admixture of pigment matching the stone shade, jali slab without any chamfers etc - Red sand stone",Sqm,9797.6
A7.33.2,7.0 STONE WORK,"an admixture of pigment matching the stone shade, jali slab without any chamfers etc - White sand stone",Sqm,9797.6
A7.34,7.0 STONE WORK,the center of gravity of stone work under sub-soil water with the,Cum,663.0
A7.35,7.0 STONE WORK,Extra for laying Stone work in or under foul position,Cum,275.6
A7.38.1.1,7.0 STONE WORK,"3 coarse sand), including pointing in white cement with an admixture of pigment to match the stone shades. - Granite stone of any colour and shade",Sqm,2697.9
A7.38.1.2,7.0 STONE WORK,admixture of pigment to match the stone shades. Raj Nagar plain white marble/ Udaipur green marble/ Zebra - black marble,Sqm,2360.4
A8.1.1.1,7.0 STONE WORK,"of cramps, which shall be paid seperately) Raj Nagar Plain white marble/Udaipur green marble/Zebra black - Area of slab upto 0.50 sqm",Sqm,4260.2
A8.1.1.2,7.0 STONE WORK,"of cramps, which shall be paid seperately) Raj Nagar Plain white marble/Udaipur green marble/Zebra black - Area of slab over 0.50 sqm",Sqm,4473.5
A8.2.1.1,7.0 STONE WORK,polishing to edges to give high gloss finish etc. complete at all marble. | | | | | | - Area of slab upto 0.50 sqm,Sqm,2961.2
A8.2.1.2,7.0 STONE WORK,polishing to edges to give high gloss finish etc. complete at all marble. | | | | | | - Area of slab above 0.50 sqm,Sqm,2814.8
A8.2.2.1,7.0 STONE WORK,marble. | | | | | | - Area of slab upto 0.50 sqm,Sqm,4733.0
A8.2.2.2,7.0 STONE WORK,marble. | | | | | | - Area of slab over 0.50 sqm,Sqm,4605.2
A8.3.1,7.0 STONE WORK,"Providing edge moulding to 18 mm thick marble stone counters, gloss finish etc. complete as per design approved by Engineer-in- - Marble work",Metre,206.3
A8.3.2,7.0 STONE WORK,"Providing edge moulding to 18 mm thick marble stone counters, gloss finish etc. complete as per design approved by Engineer-in- - Granite work",Metre,349.6
A8.4,7.0 STONE WORK,"corresponding basic item, in facia and drops of width upto)",Metre,424.3
A8.5,7.0 STONE WORK,"location in marble/granite/stone work, including necessary holes",Each,665.8
A8.6,7.0 STONE WORK,cut edges etc. complete ‘Mirror polishing on marble works/granite work/stone work | | | | | | - F : P .e,Sqm,312.4
A8.7.1,7.0 STONE WORK,RCC/CC/Brick masonary backing with cement mortar 1:2 (1 stones and embedding the cramp in the hole (fatener to be paid - Gun metal cramps,kg,763.0
A8.7.2,7.0 STONE WORK,RCC/CC/Brick masonary backing with cement mortar 1:2 (1 stones and embedding the cramp in the hole (fatener to be paid - ‘Stainless steel cramps.,Kg,743.2
A8.8.1.1,7.0 STONE WORK,Providing and fixing expansion hole fasteners on CC/RCC/Brick the cost of bolt etc. complete - Fastener with threated dia 6 mm,Each,35.7
A8.8.1.2,7.0 STONE WORK,Providing and fixing expansion hole fasteners on CC/RCC/Brick the cost of bolt etc. complete - Fastener with threated dia 10 mm,Each,36.1
A8.8.1.3,7.0 STONE WORK,Providing and fixing expansion hole fasteners on CC/RCC/Brick the cost of bolt etc. complete - Fastener with threated dia 12 mm,Each,62.8
A8.9.1.1,7.0 STONE WORK,cement mortar 1:3 (1 cement : 3 coarse sand) and cement slurry Raj Nagar plain white marble/Udaipur green marble/zebra black | | | | | | - marble,Sqm,2534.2
A8.9.1.2,7.0 STONE WORK,cement mortar 1:3 (1 cement : 3 coarse sand) and cement slurry Raj Nagar plain white marble/Udaipur green marble/zebra black | | | | | | - Granite of any colour and shape,Sqm,3040.4
A8.10.1,7.0 STONE WORK,4 graded stone aggregete 6 mm nominal size)as per direction of Engineer-in-charge and finished smooth. - White Agaria Marble Stone,Sqm,3958.4
A8.10.2,7.0 STONE WORK,4 graded stone aggregete 6 mm nominal size)as per direction of Engineer-in-charge and finished smooth. - Granite stone of approved shade,Sqm,3958.4
A8.11.1,7.0 STONE WORK,"18 mm thick Italian marble stone slab, Perlato, Rosso Verona, | | | | | |",Sqm,9681.8
A8.14.1.1,7.0 STONE WORK,shade. (To be secured to the backing by means of cramps and pins which shall be paid seperately) - 70 mm thick,Sqm,4303.5
A8.14.1.2,7.0 STONE WORK,shade. (To be secured to the backing by means of cramps and pins which shall be paid seperately) - 60 mm thick,Sqm,4130.1
A8.14.1.3,7.0 STONE WORK,shade. (To be secured to the backing by means of cramps and pins which shall be paid seperately) - 50 mm thick,Sqm,3957.1
A8.14.1.4,7.0 STONE WORK,shade. (To be secured to the backing by means of cramps and pins which shall be paid seperately) - 40 mm thick,Sqm,3782.9
A8.14.1.5,7.0 STONE WORK,pins which shall be paid seperately) - 30 mm thick,Sqm,3609.8
A8.14.2.1,7.0 STONE WORK,Red sand stone - Exposed face machine cut and table rubbed - 70 mm thick,Sqm,5769.3
A8.14.2.2,7.0 STONE WORK,Red sand stone - Exposed face machine cut and table rubbed - 60 mm thick,Sqm,5596.0
A8.14.2.3,7.0 STONE WORK,Red sand stone - Exposed face machine cut and table rubbed - 50 mm thick,Sqm,5423.0
A8.14.2.4,7.0 STONE WORK,Red sand stone - Exposed face machine cut and table rubbed - 40 mm thick,Sqm,5249.1
A8.14.2.5,7.0 STONE WORK,Red sand stone - Exposed face machine cut and table rubbed - 30 mm thick,Sqm,5075.6
A8.14.3.1,7.0 STONE WORK,70 mm thick,Sqm,6238.5
A8.14.3.2,7.0 STONE WORK,60 mm thick,Sqm,5789.6
A8.14.3.3,7.0 STONE WORK,50 mm thick,Sqm,5340.8
A8.14.3.5,7.0 STONE WORK,30 mm thick,Sqm,4439.3
A8.14.4.1,7.0 STONE WORK,oom tay ttn om to | wath ae White Sand Stone - Exposed face machine cut and table rubbed - 70 mm thick,Sqm,7704.3
A8.14.4.2,7.0 STONE WORK,oom tay ttn om to | wath ae White Sand Stone - Exposed face machine cut and table rubbed - 60 mm thick,Sqm,7255.5
A8.14.4.3,7.0 STONE WORK,oom tay ttn om to | wath ae White Sand Stone - Exposed face machine cut and table rubbed - (50 mm thick,Sqm,6806.6
A8.14.4.4,7.0 STONE WORK,oom tay ttn om to | wath ae White Sand Stone - Exposed face machine cut and table rubbed - 40 mm thick,Sqm,6354.4
A8.14.4.5,7.0 STONE WORK,White Sand Stone - Exposed face machine cut and table rubbed - 30 mm thick,Sqm,5905.1
A8.14.5.1,7.0 STONE WORK,/30 mm thick White sand stone,Sqm,2591.8
A8.14.5.2,7.0 STONE WORK,30 mm thick Red sand stone,Sqm,2358.5
A8.15,7.0 STONE WORK,adjacent stones in stone wall lining in cement mortar 1:2 ( 1,Kg,743.2
A8.18.1.1,7.0 STONE WORK,and polishing complete. (To be secured to the backing and the sides by means of cramps and pins which shall be paid seperately) - 25 mm thick,Sqm,27665.4
A8.19,7.0 STONE WORK,more than 10m from ground level for every additional height of 3,Sqm,136.5
A8.20.1,7.0 STONE WORK,Red sand stone - 30 mm thick gang saw cut stone,Sqm,2247.6
A8.20.2,7.0 STONE WORK,White sand stone - 30 mm thick gang saw cut stone,Sqm,2480.9
A8.22,7.0 STONE WORK,"dry stone cladding fixed on frame work at suitable location,",Each,333.5
A8.23,7.0 STONE WORK,cutting brick work and fixing in cement mortar 1:3 (1 cement: 3,Each,22.8
A8.24.1,7.0 STONE WORK,Providing and Fixing expandable fastners of specified size with necessary plastic sleeves and galvanised M.S. screws including - 25 mm long,Each,23.3
A8.24.2,7.0 STONE WORK,Providing and Fixing expandable fastners of specified size with necessary plastic sleeves and galvanised M.S. screws including - 32 mm long,Each,25.0
A8.24.3,7.0 STONE WORK,Providing and Fixing expandable fastners of specified size with necessary plastic sleeves and galvanised M.S. screws including - 40 mm long,Each,30.0
A8.24.4,7.0 STONE WORK,necessary plastic sleeves and galvanised M.S. screws including - 50 mm long,Each,31.6
A8.25.1,7.0 STONE WORK,Providing and Fixing 2nd class teak wood plain lining tongued and and priming coat on unexposed surface. - 40 mm thick,Sqm,3370.7
A8.25.2,7.0 STONE WORK,Providing and Fixing 2nd class teak wood plain lining tongued and and priming coat on unexposed surface. - 25 mm thick,Sqm,2245.8
A8.25.3,7.0 STONE WORK,Providing and Fixing 2nd class teak wood plain lining tongued and and priming coat on unexposed surface. - 20 mm thick,Sqm,1802.3
A8.25.4,7.0 STONE WORK,Providing and Fixing 2nd class teak wood plain lining tongued and and priming coat on unexposed surface. - 12 mm thick,Sqm,1202.4
A8.26.1,7.0 STONE WORK,"lamination Grade-l, Type-ll, IS : 1283 marked, including priming coat on unexposed arrangement and screws etc. complete: - 12 mm thick",Sqm,1456.3
A8.26.2,7.0 STONE WORK,"lamination Grade-l, Type-ll, IS : 1283 marked, including priming coat on unexposed arrangement and screws etc. complete: - 18 mm thick",Sqm,1655.5
A8.26.3,7.0 STONE WORK,"lamination Grade-l, Type-ll, IS : 1283 marked, including priming coat on unexposed arrangement and screws etc. complete: - 25 mm thick",Sqm,2108.3
A8.27.1,7.0 STONE WORK,Kiln seasoned and chemically treated hollock wook,Cum,189.8
A8.28.1,7.0 STONE WORK,Decorative veneer facings of approved manufacture,Sqm,1393.3
A8.29,7.0 STONE WORK,"14842, plain lining with necessary screws, priming coat on",Sqm,1334.0
A8.30.1,7.0 STONE WORK,"screws, including drilling necessary holes for rawl plugs etc and priming coat on unexposed surface complete: - 18 mm thick",Sqm,2221.3
A8.30.2,7.0 STONE WORK,"screws, including drilling necessary holes for rawl plugs etc and priming coat on unexposed surface complete: - 25 mm thick",Sqm,2674.1
A8.31,7.0 STONE WORK,"Engineer-in-Charge, in skirting, risers of steps and dados, over 12",Sqm,1145.5
A8.32,7.0 STONE WORK,The fastening brackets of Aluminium alloy 6005 T5/ MS with Hot,Sqm,5303.2
A9.1.1,9.0 WOOD,"windows and other frames, wrought framed and fixed in position length (hold fast lugs or dash fastener shall be paid for - Second clas Teak wood",Cum,63124.6
A9.1.2,9.0 WOOD,"windows and other frames, wrought framed and fixed in position length (hold fast lugs or dash fastener shall be paid for - Sal wood",Cum,52458.3
A9.1.3,9.0 WOOD,Kiln seasoned and chemically treated Hollock wood,Cum,80172.5
A9.2,9.0 WOOD,in position with hold fast lugs or with dash fasteners of required,Cum,134653.4
A9.3.1,9.0 WOOD,"dia and length (hold fast lugs or dash fastener shall be paid for Providing wood work in frames of false ceiling, partitions etc. - Sal wood",Cum,43749.3
A9.3.2,9.0 WOOD,Kiln seasoned and chemically treated Hollock wood,Cum,72228.7
A9.4.1,9.0 WOOD,"Extra for additional labour for circular works, such as in frames of - Second class Teak wood",Cum,6312.5
A9.4.2,9.0 WOOD,"Extra for additional labour for circular works, such as in frames of - Sal wood",Cum,5112.0
A9.4.3,9.0 WOOD,Kiln seasoned and chemically treated Hollock wood,Cum,8017.5
A9.5.1.1,9.0 WOOD,Engineer-in-Charge. (Note: - Butt hinges and necessary screws shall be paid seperately) - 35mm thick shutters,Sqm,1973.3
A9.5.1.2,9.0 WOOD,Engineer-in-Charge. (Note: - Butt hinges and necessary screws shall be paid seperately) - 30mm thick shutters,Sqm,1832.4
A9.5.2.2,9.0 WOOD,Engineer-in-Charge. (Note: - Butt hinges and necessary screws shall be paid seperately) - 30mm thick shutters,Cum,2293.6
A9.5.3.1,9.0 WOOD,35mm thick shutters,Sqm,1923.5
A9.5.3.2,9.0 WOOD,30mm thick shutters,Sqm,1789.4
A9.6.1,9.0 WOOD,"IS : 3087 marked, bonded with BWP type synthetic resin adhesive",Sqm,3043.9
A9.6.2,9.0 WOOD,FPT - | IS : 3087 marked bonded with BWP type synthetic resin,Sqm,3208.5
A9.6.3,9.0 WOOD,orade _ ron raced Good particle board PT. Ca,Sqm,3521.3
A9.7.1,9.0 WOOD,excluding portion inside grooves or rebate to be measured). Panelling for panelled or pannelled and glazed shutters 25mm to - Second class Teak wood,Sqm,1680.8
A9.7.2,9.0 WOOD,Kiln seasoned and chemically treated hollock wood,Sqm,2154.7
A9.7.3.2,9.0 WOOD,Decorative plywood one side decorative veneer and commercial,Sqm,2567.0
A9.7.4.1,9.0 WOOD,veneer on other face (Type-l) conforming to IS:1328 BWR Type,Sqm,2726.7
A9.7.5.1,9.0 WOOD,Decorative plywood one side decorative veneer and commercial AR7S1 Seamed cent onde Sater mariee SM EBA ISAO Ta aaa7OIt7.9 Ysa eta SST. e.90 tas HESS. - : : ;,Sqm,1405.6
A9.7.5.2,9.0 WOOD,"commercial veneering on both sides conforming to IS: 3097,",Sqm,1828.7
A9.7.5.3,9.0 WOOD,"side and balancing on other side, Grade |, Type Il 1$:12823",Sqm,1908.5
A9.7.5.4,9.0 WOOD,Pre-laminated particle board with decorative lamination on one Pre-laminated particle board with decorative lamination on both - P :,Sqm,1978.3
A9.7.6.1,9.0 WOOD,"Pre-laminated particle board with decorative lamination on both side, Grade I, Type II 1S:12823 marked - 12mm thick",Sqm,2167.9
A9.7.7.1,9.0 WOOD,4mm thick glass pane (weight not less than 10Kg/sqm).,Sqm,1738.3
A9.7.7.2,9.0 WOOD,5.0mm thick glass pane (weight not less than 12.50Kg/sqm).,Sqm,2137.4
A9.7.8,9.0 WOOD,Wire and 1.4mm wide aperture with matching wood beadin,Sqm,1513.6
A9.9.1.1,9.0 WOOD,"clerestory windows using 4mm thick float glass panes, including size with necessary screws. - 35mm thick",Sqm,2567.7
A9.9.1.2,9.0 WOOD,"clerestory windows using 4mm thick float glass panes, including size with necessary screws. - 30mm thick",Sqm,2406.6
A9.9.2.2,9.0 WOOD,size with necessary screws. - 30mm thick,Sqm,2928.8
A9.9.3.1,9.0 WOOD,35mm thick,Sqm,2511.0
A9.9.3.2,9.0 WOOD,30mm thick,Sqm,2357.8
A9.10.1,9.0 WOOD,"necessary screws, all as per directions of Engineer-in-charge (Note:- Butt hinges and necessary screws shall shall be paid - 30 mm thick shutters",Sqm,3043.9
A9.11.1,9.0 WOOD,"ordinary float glass in glazed doors, windows and clerestory portion inside rebate shall be measured) - 5.5mm thick instead of 4mm thick",Sqm,329.0
A9.12,9.0 WOOD,clerestory window shutters. (Area of opening for glass panes,Sqm,263.4
A9.14,9.0 WOOD,of M.S. steel pressed butt hinges bright finished of required size,Sqm,155.6
A9.15.2.1,9.0 WOOD,For 2nd class teak wood and other class of wood shutters,Sqm,67.8
A9.16.1.1,9.0 WOOD,"IS] marked M.S. pressed butt hinges bright finished of required ARI614 ——Simumbutehngesnith rece sctes ""Sam 26140) B57RSO_ Bsn Hang OHS) BOD 807019 TARA HsSaDF.20BRA - os : :",Sqm,2611.1
A9.16.2.1,9.0 WOOD,aluminium butt hinges with necessary screws,Sqm,2300.7
A9.16.2.2,9.0 WOOD,bright finished M.S. piano hinges with necessary screws,Sqm,2348.1
A9.17.2,9.0 WOOD,"density exterior grade (Grade |) or graded wood particle board IS complete (Frames, backing or studding to be paid seperately): - 18 mm thick",Sqm,1031.6
A9.18.1,9.0 WOOD,"shelves with screws and fittings wherever required, edges to be painted with polyurethene primer (fittings to be paid - 18 mm thick",Sqm,1331.0
A9.18.2,9.0 WOOD,painted with polyurethene primer (fittings to be paid - 25 mm thick,Sqm,1806.0
A9.20.3,9.0 WOOD,bright finished M.S. piano hinges IS : 3818 marked with necessary,Sqm,2818.2
A9.21.3,9.0 WOOD,bright finished M.S. piano hinges with necessary screws Stainless,Sqm,1978.5
A9.23,9.0 WOOD,mm minimum depth on all edges of flush door shutters (over all,Sqm,493.9
A9.24.1,9.0 WOOD,‘Extra for providing vision panel not exceeding 0.1 sqm in all type | | | | | | shutter to be measured): - ‘Rectangular or Square,Sqm,214.0
A9.24.2,9.0 WOOD,shutter to be measured): - Circular,Sqm,222.3
A9.27.1.1.1,9.0 WOOD,clerestory windows with hinges and necessary screws : With ISI marked M.S. pressed butt hinges bright finished of - Second class teak wood,Sqm,2659.1
A9.27.1.1.2,9.0 WOOD,Kiln seasoned and chemically treated hollock wood,Sqm,3195.3
A9.27.1.1.3,9.0 WOOD,Kiln seasoned selected class of Sheesham wood,Sqm,2608.9
A9.27.1.2.1,9.0 WOOD,With ISI marked stainless steel butt hinges of required size - Second class teak wood,Sqm,2814.8
A9.27.1.2.2,9.0 WOOD,Kiln seasoned and chemically treated hollock wood,Sqm,3351.0
A9.27.1.2.3,9.0 WOOD,Kiln seasoned selected class of sheesham wood,Sqm,2764.5
A9.27.2.1.1,9.0 WOOD,With ISI marked M.S. pressed butt hinges finished of required size - Second class teak wood.,Sqm,2413.5
A9.27.2.1.2,9.0 WOOD,Kiln seasoned and chemically treated hollock wood,Sqm,2874.7
A9.27.2.1.3,9.0 WOOD,Kiln seasoned selected class of sheesham wood,Sqm,2370.5
A9.27.2.2.1,9.0 WOOD,With ISI marked M.S. pressed butt hinges finished of required size - ‘Second class teak wood,Sqm,2569.2
A9.27.2.2.2,9.0 WOOD,Kiln seasoned and chemically treated hollock wood,Sqm,3030.1
A9.31.1,9.0 WOOD,Engineer-in-Charge: (Note: - Butt hinges and necessary screws shall be paid separately) - 35mm thick shutters,Sqm,3043.9
A9.31.2,9.0 WOOD,Engineer-in-Charge: (Note: - Butt hinges and necessary screws shall be paid separately) - (30mm thick shutters,Sqm,2731.0
A9.40.1.1,9.0 WOOD,50 x 12 mm,Metre,139.1
A9.40.1.2,9.0 WOOD,50 x 20 mm,Metre,159.1
A9.40.2.1,9.0 WOOD,50 x 12 mm,Metre,152.8
A9.40.2.2,9.0 WOOD,50 x 20 mm,Metre,181.9
A9.41.1,9.0 WOOD,Providing and fixing plain jaffri of 35x10 mm laths placed 35 mm beading complete with : - Second class teak wood,Sqm,1546.6
A9.42,9.0 WOOD,plated M.S. pipe 20 mm dia (heavy type) curtain rod with nickle,Metre,549.6
A9.43,9.0 WOOD,with 25x3 mm M.S. Flat 10 cm long fixed to pelmet with hollock,Metre,705.4
A9.44.1,9.0 WOOD,". Grade |, in item of pelmet 18 mm thick 150 mm wide. - \Non decorative veneer on both sides",Metre,40.8
A9.44.2,9.0 WOOD,Particle board with decorative veneering on both sides.,Metre,131.7
A9.45,9.0 WOOD,Providing and fixing teak wood lipping of size 25x3 mm in,Metre,58.2
A9.46.1,9.0 WOOD,wall thickness of 1.25 mm with two chromium plated brass wherever necessary complete : - (12 mm dia,Metre,328.6
A9.46.2,9.0 WOOD,wall thickness of 1.25 mm with two chromium plated brass wherever necessary complete : - 20 mm dia,Metre,452.1
A9.46.3,9.0 WOOD,wall thickness of 1.25 mm with two chromium plated brass wherever necessary complete : - (25 mm dia,Metre,583.8
A9.47.1,9.0 WOOD,Providing and fixing nickel plated M.S. pipe curtain rods with nickel plated brackets : - 20 mm dia (heavy type),Metre,189.0
A9.47.2,9.0 WOOD,Providing and fixing nickel plated M.S. pipe curtain rods with nickel plated brackets : - (25 mm dia (heavy type),Metre,197.2
A9.48.1,9.0 WOOD,Providing and fixing M.S. grills of required pattern in frames of |priming coat with approved steel primer all complete. | | | | | | - Fixed to steel windows by welding,kg,175.7
A9.48.2,9.0 WOOD,Fixed to openings / wooden frames with rawl plugs screws etc.,kg,198.1
A9.49,9.0 WOOD,beading of Ilnd class teak wood and priming coat with approved,Sqm,1049.6
A9.51.1,9.0 WOOD,‘With 2nd Class teak wood beading 62x19 mm,Sqm,933.1
A9.51.2,9.0 WOOD,windows and clerestory windows using wire gauge with average 0.63 mm all complete. - With 12 mm mild steel U beading.,Sqm,842.7
A9.52,9.0 WOOD,and window shutter instead of glass sheet 4 mm thick.,Sqm,214.0
A9.53,9.0 WOOD,embeddings in cement concrete block 30x10x15 cm 1:3:6 mix (1,Each,174.5
A9.54.2,9.0 WOOD,"cement : 3 coarse sand : 6 graded stone aggregate 20 mm Providing beams including hoisting, fixing in position and applying - Hollock wood",Sqm,68280.8
A9.55.1,9.0 WOOD,"Providing beams including hoisting, fixing in position and applying Providing and fixing ISI marked M.S. pressed butt hinges bright - 125x65x2.12 mm",Each,48.8
A9.55.2,9.0 WOOD,Providing and fixing ISI marked M.S. pressed butt hinges bright - 100x58x1.90 mm,Each,37.7
A9.55.3,9.0 WOOD,Providing and fixing ISI marked M.S. pressed butt hinges bright - 75x47x1.70mm,Each,30.3
A9.55.4,9.0 WOOD,Providing and fixing ISI marked M.S. pressed butt hinges bright - 50x37x1.50mm,Each,16.5
A9.56.1,9.0 WOOD,"Providing and fixing ISI marked, IS : 1341, M.S. heavy weight - 125x90x4mm",Each,61.1
A9.56.2,9.0 WOOD,"Providing and fixing ISI marked, IS : 1341, M.S. heavy weight - 100x75x3.50mm",Each,50.9
A9.56.3,9.0 WOOD,"Providing and fixing ISI marked, IS : 1341, M.S. heavy weight - 75x60x3.10mm",Each,36.7
A9.56.4,9.0 WOOD,"Providing and fixing ISI marked, IS : 1341, M.S. heavy weight - 50x40x2.50mm",Each,21.6
A9.57.1,9.0 WOOD,. with necessary screws etc. complete. - 125x65x2.12 mm,Each,48.1
A9.57.2,9.0 WOOD,. with necessary screws etc. complete. - 100x58x1.90 mm,Each,38.8
A9.57.3,9.0 WOOD,. with necessary screws etc. complete. - 75x47x1.70 mm,Each,31.9
A9.57.4,9.0 WOOD,. with necessary screws etc. complete. - 50x37x1.50mm,Each,17.3
A9.58.1,9.0 WOOD,Providing and fixing IS! marked oxidised M.S. pressed - 150x125x27x2.80mm,Each,82.8
A9.58.2,9.0 WOOD,Providing and fixing IS! marked oxidised M.S. pressed - 125x125x27x2.80 mm,Each,78.7
A9.58.3,9.0 WOOD,Providing and fixing IS! marked oxidised M.S. pressed - 100x125x27x2.80 mm,Each,65.9
A9.58.4,9.0 WOOD,Providing and fixing IS! marked oxidised M.S. pressed - 75x100x20x2.24 mm,Each,51.9
A9.59.1,9.0 WOOD,hinges with necessary screws etc. complete : - 150 mm,Each,281.4
A9.59.2,9.0 WOOD,hinges with necessary screws etc. complete : - 125 mm,Each,248.4
A9.59.3,9.0 WOOD,hinges with necessary screws etc. complete : - 100 mm,Each,205.5
A9.60.1,9.0 WOOD,Samson ta try tsa a estonia | _with necessary screws etc. complete. | | | | | | - 150 mm,Each,312.6
A9.60.2,9.0 WOOD,Samson ta try tsa a estonia | _with necessary screws etc. complete. | | | | | | - (125 mm,Each,276.4
A9.60.3,9.0 WOOD,Samson ta try tsa a estonia | _with necessary screws etc. complete. | | | | | | - 100 mm,Each,246.6
A9.61.1,9.0 WOOD,"_with necessary screws etc. complete. | | | | | | ‘nickle plating and fixing with necessary screws etc., complete. | | | | | | - Overall width 35 mm",Metre,254.8
A9.61.2,9.0 WOOD,"‘nickle plating and fixing with necessary screws etc., complete. | | | | | | - Overall width 50 mm",Metre,248.2
A9.61.3,9.0 WOOD,"‘nickle plating and fixing with necessary screws etc., complete. | | | | | | - Overall width 65 mm",Metre,268.0
A9.62.1,9.0 WOOD,"‘nickle plating and fixing with necessary screws etc., complete. | | | | | | with nuts and screws etc. complete : | | | | | | - 300x16 mm",Each,215.6
A9.62.2,9.0 WOOD,with nuts and screws etc. complete : | | | | | | - 200x16 mm,Each,199.2
A9.63.1,9.0 WOOD,with nuts and screws etc. complete : | | | | | | Providing and fixing ISI marked oxidised M.S. tower bolt black | | | | | | - 250x10mm,Each,80.3
A9.63.2,9.0 WOOD,with nuts and screws etc. complete : | | | | | | Providing and fixing ISI marked oxidised M.S. tower bolt black | | | | | | - '200x10 mm,Each,70.5
A9.63.3,9.0 WOOD,Providing and fixing ISI marked oxidised M.S. tower bolt black | | | | | | - 150x10 mm,Each,60.6
A9.63.4,9.0 WOOD,Providing and fixing ISI marked oxidised M.S. tower bolt black | | | | | | - 100x10 mm,Each,44.2
A9.64,9.0 WOOD,"lock conforming to IS : 7534 with necessary screws bolts, nut and",Each,118.8
A9.65.1,9.0 WOOD,Providing and fixing IS!| marked oxidised M.S. door latches hoes Come 0500 wise cmpits - /300x20x6 mm,Each,95.6
A9.65.2,9.0 WOOD,Providing and fixing IS!| marked oxidised M.S. door latches hoes Come 0500 wise cmpits - 250x20x6 mm,Each,79.2
A9.66.1,9.0 WOOD,hoes Come 0500 wise cmpits . to IS:4992 with necessary screws etc. complete : - (125 mm,Each,40.1
A9.66.2,9.0 WOOD,hoes Come 0500 wise cmpits . to IS:4992 with necessary screws etc. complete : - 100 mm,Each,31.9
A9.66.3,9.0 WOOD,. to IS:4992 with necessary screws etc. complete : - 75 mm,Each,26.9
A9.67.1,9.0 WOOD,. to IS:4992 with necessary screws etc. complete : Providing and fixing oxidised M.S. hasp and staple (Safety type) | | | | | | - 150 mm,Each,32.2
A9.67.2,9.0 WOOD,Providing and fixing oxidised M.S. hasp and staple (Safety type) | | | | | | - (115 mm,Each,28.4
A9.67.3,9.0 WOOD,Providing and fixing oxidised M.S. hasp and staple (Safety type) | | | | | | - 90 mm,Each,23.6
A9.68.1,9.0 WOOD,Providing and fixing oxidised M.S. casement stays (straight peg Ang perma are cong - /300 mm weighing not less than 200 gms,Each,68.9
A9.68.2,9.0 WOOD,Providing and fixing oxidised M.S. casement stays (straight peg Ang perma are cong - 250 mm weighing not less than 150 gms,Each,59.8
A9.68.3,9.0 WOOD,Providing and fixing oxidised M.S. casement stays (straight peg Ang perma are cong - '200 mm weighing not less than 120 gms,Each,51.6
A9.70.1,9.0 WOOD,Samson tty tsa est fn sean | Providing and fixing IS : 12817 marked stainless steel butt hinges - 125x64x1.90mm,Each,95.8
A9.70.2,9.0 WOOD,Providing and fixing IS : 12817 marked stainless steel butt hinges - 100x58x1.90 mm,Each,83.7
A9.70.3,9.0 WOOD,75x47x1.80 mm,Each,61.8
A9.70.4,9.0 WOOD,50x37x1.50 mm,Each,36.9
A9.71.1,9.0 WOOD,Providing and fixing ISI : 12817 marked Stainless Steel butt hinges - '125x64x2.50 mm,Each,109.8
A9.71.2,9.0 WOOD,Providing and fixing ISI : 12817 marked Stainless Steel butt hinges - 100x60x2.50 mm,Each,87.0
A9.71.3,9.0 WOOD,75x50x2.50 mm,Each,69.2
A9.72.2,9.0 WOOD,. necessary screws etc. complete : - 125x70x4 mm (ordinary type),Each,182.9
A9.72.3,9.0 WOOD,. necessary screws etc. complete : - 100x85x5.5 mm (heavy type),Each,205.7
A9.72.4,9.0 WOOD,100x70x4 mm (ordinary type),Each,144.4
A9.72.5,9.0 WOOD,75x65x4 mm (heavy type),Each,170.9
A9.72.6,9.0 WOOD,75x40x2.5 mm (ordinary type),Each,95.5
A9.72.7,9.0 WOOD,50x40x2.5mm (ordinary type),Each,39.3
A9.73.1,9.0 WOOD,Providing and fixing bright finished brass parliamentary hinges - (150x125x27x5 mm,Each,473.6
A9.73.2,9.0 WOOD,Providing and fixing bright finished brass parliamentary hinges - 125x125x27x5 mm,Each,422.6
A9.73.3,9.0 WOOD,(100x125x27x5 mm,Each,388.0
A9.73.4,9.0 WOOD,75x100x20x3.2 mm,Each,343.2
A9.74.1,9.0 WOOD,Providing and fixing bright finished brass tower bolts (barrel Aa ype cena sews ete comptes - (250x10 mm,Each,455.5
A9.74.2,9.0 WOOD,Providing and fixing bright finished brass tower bolts (barrel Aa ype cena sews ete comptes - 200x10 mm,Each,365.3
A9.74.3,9.0 WOOD,Aa ype cena sews ete comptes - (150x10 mm,Each,281.3
A9.74.4,9.0 WOOD,100x10 mm,Each,192.8
A9.75.1,9.0 WOOD,Providing and fixing bright finished brass door latch with Aas feemmnaremete nga - /300x16x5 mm,Each,330.6
A9.75.2,9.0 WOOD,Providing and fixing bright finished brass door latch with Aas feemmnaremete nga - 250x16x5 mm,Each,314.2
A9.76,9.0 WOOD,and lock with 6 levers and a pair of lever handles of approved,Each,829.7
A9.77,9.0 WOOD,with one dead bolt and a pair of lever handles of approved,Each,681.6
A9.79.1,9.0 WOOD,Providing and fixing special quality bright finished brass cupboard necessary screws etc. complete. - 40 mm,Each,261.7
A9.79.2,9.0 WOOD,Providing and fixing special quality bright finished brass cupboard necessary screws etc. complete. - 50 mm,Each,311.1
A9.79.3,9.0 WOOD,Providing and fixing special quality bright finished brass cupboard necessary screws etc. complete. - 65 mm,Each,319.4
A9.79.4,9.0 WOOD,Providing and fixing special quality bright finished brass cupboard necessary screws etc. complete. - 75 mm,Each,344.1
A9.81.1,9.0 WOOD,wardrobe knob of approved quality with necessary screws. - 125 mm,Each,249.3
A9.81.2,9.0 WOOD,wardrobe knob of approved quality with necessary screws. - 100 mm,Each,231.2
A9.81.3,9.0 WOOD,wardrobe knob of approved quality with necessary screws. - 75 mm,Each,181.8
A9.82,9.0 WOOD,"stopper with necessary screws, etc. complete.",Each,129.6
A9.83,9.0 WOOD,"embossed on the body,door weight upto 35 Kg and door width —",Each,1202.1
A9.84,9.0 WOOD,": 3564, embossed on the body, door weight upto 36 Kg to 80 Kg",Each,1016.1
A9.85,9.0 WOOD,fastener with necessary screws etc. complete.,Each,90.0
A9.86.1,9.0 WOOD,Providing and fixing bright finished brass casement window Providing and fixing bright finished brass casement stays (straight - 300 mm weighing not less than 330 gms,Each,226.0
A9.86.2,9.0 WOOD,Providing and fixing bright finished brass casement window Providing and fixing bright finished brass casement stays (straight - 250 mm weighing not less than 280 gms,Each,180.6
A9.86.3,9.0 WOOD,Providing and fixing bright finished brass casement window Providing and fixing bright finished brass casement stays (straight - 200 mm weighing not less than 240 gms,Each,172.4
A9.87.1,9.0 WOOD,Providing and fixing bright finished brass hasp and staple (safety AnaT _pemirecnary erect compte - 150 mm,Each,142.5
A9.87.2,9.0 WOOD,Providing and fixing bright finished brass hasp and staple (safety AnaT _pemirecnary erect compte - 115mm,Each,128.7
A9.87.3,9.0 WOOD,Providing and fixing bright finished brass hasp and staple (safety AnaT _pemirecnary erect compte - 90 mm,Each,113.1
A9.88,9.0 WOOD,and lock with 6 levers and a pair of lever handles of approved,Each,945.0
A9.89,9.0 WOOD,Scamse aint try ts a_i a st fn see Ma - er .,Each,994.4
A9.90.1,9.0 WOOD,Providing and fixing special quality chromium plated brass oe | reenter | TT | ||| TT | - ‘Size 40 mm,Each,270.0
A9.90.2,9.0 WOOD,Providing and fixing special quality chromium plated brass oe | reenter | TT | ||| TT | - Size 50 mm,Each,286.4
A9.90.3,9.0 WOOD,Providing and fixing special quality chromium plated brass oe | reenter | TT | ||| TT | - Size 65 mm,Each,327.6
A9.90.4,9.0 WOOD,Providing and fixing special quality chromium plated brass oe | reenter | TT | ||| TT | - Size 75 mm,Each,540.0
A9.91,9.0 WOOD,oe | reenter | TT | ||| TT | Providing and fixing chromium plated brass 50 mm cupboard or | | | | | | - wardrobe knobs with nuts complete.,Each,144.8
A9.92.1,9.0 WOOD,Providing and fixing chromium plated brass 50 mm cupboard or | | | | | | necessary screws etc. Complete: - (125 mm,Each,275.6
A9.92.2,9.0 WOOD,Providing and fixing chromium plated brass 50 mm cupboard or | | | | | | necessary screws etc. Complete: - 100 mm,Each,242.7
A9.92.3,9.0 WOOD,Providing and fixing chromium plated brass 50 mm cupboard or | | | | | | necessary screws etc. Complete: - (75 mm,Each,218.0
A9.94.1,9.0 WOOD,fastener with necessary screws etc. complete. (straight peg type) with necessary screws etc. Complete : | | | | | | - 300 mm weighing not less than 330 gms,Each,251.7
A9.94.2,9.0 WOOD,fastener with necessary screws etc. complete. (straight peg type) with necessary screws etc. Complete : | | | | | | - 250 mm weighing not less than 280 gms,Each,218.8
A9.95.1,9.0 WOOD,transparent or dyed to required colour or shade with necessary 'screws etc. complete: | | | | | | - 125x75x4 mm,Each,160.1
A9.95.2,9.0 WOOD,transparent or dyed to required colour or shade with necessary 'screws etc. complete: | | | | | | - '125x63x4 mm,Each,132.6
A9.95.3,9.0 WOOD,transparent or dyed to required colour or shade with necessary 'screws etc. complete: | | | | | | - 100x75x4 mm,Each,121.4
A9.95.4,9.0 WOOD,transparent or dyed to required colour or shade with necessary 'screws etc. complete: | | | | | | - '100x63x4 mm,Each,110.1
A9.95.5,9.0 WOOD,transparent or dyed to required colour or shade with necessary 'screws etc. complete: | | | | | | - 100x63x3.2 mm,Each,101.2
A9.95.6,9.0 WOOD,'screws etc. complete: | | | | | | - 75x63x4 mm,Each,87.5
A9.95.7,9.0 WOOD,75x63x3.2 mm,Each,79.4
A9.96.1,9.0 WOOD,"1868), transparent or dyed to required colour or shade, with nuts and screws etc. complete : - /300x16 mm",Each,300.7
A9.96.2,9.0 WOOD,"1868), transparent or dyed to required colour or shade, with nuts and screws etc. complete : - 250x16 mm",Each,269.4
A9.97.1,9.0 WOOD,(anodic coating not less than grade AC 10 as per IS : 1868 ) screws etc- complete : - 300 x 10 mm,Each,138.8
A9.97.2,9.0 WOOD,(anodic coating not less than grade AC 10 as per IS : 1868 ) screws etc- complete : - 250 x 10 mm,Each,122.5
A9.97.3,9.0 WOOD,(anodic coating not less than grade AC 10 as per IS : 1868 ) screws etc- complete : - (200 x 10 mm,Each,106.4
A9.97.4,9.0 WOOD,(anodic coating not less than grade AC 10 as per IS : 1868 ) screws etc- complete : - 150 x 10 mm,Each,89.2
A9.97.5,9.0 WOOD,screws etc- complete : - 100 x 10 mm,Each,68.4
A9.98,9.0 WOOD,"1868) transparent or dyed to required colour and shade, with",Each,95.8
A9.99,9.0 WOOD,Providing and fixing 50cm long aluminium kicking plate 100x3.15 mm anodised (anodic coating not less than grade AC 10 as per IS : - F :,Each,255.2
A9.100.1,9.0 WOOD,(anodic coating not less than grade AC 10 as per IS : 1868 ) screws etc. complete : - (125 mm,Each,70.8
A9.100.2,9.0 WOOD,(anodic coating not less than grade AC 10 as per IS : 1868 ) screws etc. complete : - 100 mm,Each,62.7
A9.100.3,9.0 WOOD,(anodic coating not less than grade AC 10 as per IS : 1868 ) screws etc. complete : - (75 mm,Each,54.2
A9.101.1,9.0 WOOD,"marked, anodised (anodic coating not less than grade AC 10 as with necessary screws etc. complete. - ‘Single rubber stopper",Each,40.0
A9.101.2,9.0 WOOD,"marked, anodised (anodic coating not less than grade AC 10 as with necessary screws etc. complete. - Twin rubber stopper",Each,74.6
A9.102,9.0 WOOD,1868) transparent or dyed to required colour and shade with,Each,73.9
A9.103,9.0 WOOD,(anodic coating not less than grade AC 10 as per IS : 1868),Each,873.9
A9.104,9.0 WOOD,screws etc. complete. Antoe —_falesandsopeningeietrsscaranros Mave 7458) 160304) ten70 ams) e974 1990 OTD ma0 tt - : :,Metre,171.5
A9.105.1,9.0 WOOD,conforming to IS : 2095 : (part 3) 1996 (Board with BIS,Sqm,1904.9
A9.105.2,9.0 WOOD,tapered edged plain Gypsum plaster board conforming to IS :,Sqm,1830.5
A9.105.3,9.0 WOOD,materials reinforced with cellulose fiber manufactured through,Sqm,1987.3
A9.105.4,9.0 WOOD,Details of cost for 21.9 sqm; (partition Panel),Sqm,1839.1
A9.105.5,9.0 WOOD,multipurpose cement bonded wood particle board manufactured,Sqm,1822.6
A9.106.1,9.0 WOOD,'125x34x24 mm weighing not less than 23 gms,Each,46.7
A9.106.2,9.0 WOOD,150x34x24 mm weighing not less than 26 gms.,Each,46.7
A9.107.1,9.0 WOOD,75x60x10 mm fitted with 5.5 mm dia M.S. Bright Bar Rod,Each,75.4
A9.108.1,9.0 WOOD,152x42x18mm weighing not less than 60 gms,Each,89.9
A9.108.2,9.0 WOOD,202x42x18 mm weighing not less than 78 gms,Each,124.3
A9.109,9.0 WOOD,of 42 mm with suitable washers weighing not less than 33 gms,Each,237.7
A9.111.1,9.0 WOOD,triangular shape to the junction of panelling etc. with iron complete 2nd class teak wood. - /50x50 mm (base and height),Metre,208.8
A9.112,9.0 WOOD,adhesive of approved quality and screws/nails on the edges of —,Each,81.2
A9.113,9.0 WOOD,"door, with necessary screws etc complete as per direction of",Each,747.7
A9.114.1,9.0 WOOD,Providing and fixing magnetic catcher of approved quality in screws etc. complete. - Triple strip vertical type,Each,48.1
A9.114.2,9.0 WOOD,Providing and fixing magnetic catcher of approved quality in screws etc. complete. - Double strip (horizontal type),Each,38.2
A9.115,9.0 WOOD,300 mm long without necessary screws etc. complete as per,Each,4116.2
A9.116,9.0 WOOD,to run inside C or E aluminium channel section (The payment of C,Each,18.2
A9.117.1,9.0 WOOD,nos. stainless steel hinges fixed to the frame complete as per manufacturer's specification and direction of Engineer-in- - Extruded section profile size 48x40 mm,Metre,252.3
A9.117.2,9.0 WOOD,nos. stainless steel hinges fixed to the frame complete as per manufacturer's specification and direction of Engineer-in- - Extruded section profile size 42x50 mm,Metre,308.6
A9.118.1,9.0 WOOD,"0.2 mm) wall thickness, fixed to the shutter styles by means of",Sqm,2052.1
A9.118.3,9.0 WOOD,25 mm. M.S. tube having dimensions 19 mm x 19 mm and 1.0 mm,Sqm,3063.0
A9.119,9.0 WOOD,door frame profiles to be reinforced with 19x19 mm M.S. square,Metre,461.5
A9.120.1,9.0 WOOD,on the interior side of the 'C' Channel using PVC solvent adhesive etc. comnlete as ner direction of Fnoineer-in-Charse. - 30 mm thick plain PVC door shutters,Sqm,2867.5
A9.121,9.0 WOOD,polyester resin and chopped mat. Door frame laminate shall be),Metre,816.1
A9.122.1,9.0 WOOD,"styles, with wooden frame and suitable blocks of seasoned wood",Sqm,4149.3
A9.123,9.0 WOOD,"size 38 mm x 4 mm and PVC solvent cement, including fixing the",Metre,565.9
A9.124.1,9.0 WOOD,screws of size 100mm x 8mm complete as per manufacturer's specifications and direction of Engineer-in-Charge. - Non decorative finish,Sqm,3612.6
A9.124.2,9.0 WOOD,Decorative finish (both side wood grained finish),Sqm,3777.2
A9.125,9.0 WOOD,shutters (bathroom and W.C. doors) using synthetic rubber based,Sqm,28996.5
A9.126.1,9.0 WOOD,inside grooves or rebates to be measured). Panelling for panelled or panelled and glazed shutters 25 mm to 40 mm thick. - Marine plywood conforming to IS: 710,Sqm,2217.8
A9.126.2,9.0 WOOD,Fire retardant plywood conforming to IS : 5509,Sqm,2527.1
A9.127.1,9.0 WOOD,"quality conforming to IS : 2046 Type S, including cost of adhesive of approved quality. - 1.5 mm thick",Metre,977.5
A9.127.2,9.0 WOOD,"quality conforming to IS : 2046 Type S, including cost of adhesive of approved quality. - 1.0 mm thick",Metre,823.6
A9.129,9.0 WOOD,having one side decorative lamination and other side balancing,Sqm,2185.1
A9.130.2,9.0 WOOD,With non decorative veneering on both sides,Sqm,1715.9
A9.131.1,9.0 WOOD,complete as per architectural drawing and direction of Engineer- in-Charge (Cost of '‘U' beading and hinges will be paid for - 25 mm thick,Sqm,1768.1
A9.132,9.0 WOOD,"laminated/flush door shutter, including fixing etc. complete as",Kg,637.1
A9.133.1.1,9.0 WOOD,"siliceous materials reinforced with cellulose fiber manufactured with compressive strength 225 Kg/sq.cm, Bending strength 100 - 10 mm thick",Sqm,1514.9
A9.133.2.1,9.0 WOOD,'8 mm thick cement fibre board as per IS : 14862,Sqm,1152.6
A9.133.2.2,9.0 WOOD,8 mm thick cement bonded wood particle board as per IS : 14276,Sqm,1143.5
A9.133.3.1,9.0 WOOD,Multipurpose cement board reinforced with suitable fibre cement ‘Plain Gypsum plaster board conforming to IS : 2095 (part |): 2011 | | | | | | - 12.5 mm thick,Sqm,1147.9
A9.134.1.1.1,9.0 WOOD,clerestory windows with necessary screws:. With ISI marked M.S. pressed butt hinges bright finished of | | | | | | - Second claas teak wood,Sqm,2820.3
A9.134.1.1.2,9.0 WOOD,Kiln seasoned and chemically treated hollock wood,Sqm,3356.5
A9.134.1.1.3,9.0 WOOD,kiln seasoned selected class of sheesham wood,Sqm,2770.1
A9.134.1.2.3,9.0 WOOD,kiln seasoned selected class of sheesham wood,Sqm,2925.7
A9.134.2.1.1,9.0 WOOD,Second claas teak wood,Sqm,2574.7
A9.134.2.1.2,9.0 WOOD,Kiln seasoned and chemically treated hollock wood,Sqm,3035.7
A9.134.2.1.3,9.0 WOOD,kiln seasoned selected class of sheesham wood,Sqm,2531.7
A9.134.2.2.1,9.0 WOOD,With ISI marked M.S. pressed butt hinges bright finished of - Second class teak wood,Sqm,2730.4
A9.134.2.2.2,9.0 WOOD,Kiln seasoned and chemically treated hollock wood,Sqm,3191.5
A9.134.2.2.3,9.0 WOOD,kiln seasoned selected class of sheesham wood,Sqm,2687.4
A9.135.1,9.0 WOOD,With 2nd claas teak wood beading 62x19 mm,Sqm,1204.1
A9.135.2,9.0 WOOD,"gauge, to windows and clerestory windows using wire gauge with dia. 0.50 mm all complete. - With 12 mm mild steel U beading",Sqm,1109.5
A9.136,9.0 WOOD,of size 10x4 mm (minimum) around the frame and fixing wih dash,Metre,1749.3
A9.137,9.0 WOOD,out of 16 SWG G.I. sheet (zinc coating not less than 120 gm/m2),Sqm,7486.7
A9.140.1,9.0 WOOD,12 mm thick commercial ply conforming to IS : 1328 BWR type,Sqm,1191.2
A9.142.1,9.0 WOOD,"PVC extruded sheet inserted in the door as panel, all complete as per manufacturer's specification and direction of Engineer-in- - Non decorative finish (matt finish)",Sqm,3873.3
A9.142.2,9.0 WOOD,"PVC extruded sheet inserted in the door as panel, all complete as per manufacturer's specification and direction of Engineer-in- - Decorative finish (wood grained finish)",Sqm,4614.2
A9.143,9.0 WOOD,profile of size 28 mm x 30 mm having wall thickness 2 mm (40.2,Metre,45.2
A9.144,9.0 WOOD,"each corner and stainless steel screws, reinforcing the hinge side of style by inserting PVC profile of size 28 mm x 30 mm, with wall - . : .",Sqm,4215.5
A9.145,9.0 WOOD,"Door Frame and PVC reinforcement profile to be mitred cut,",Metre,703.8
A9.146,9.0 WOOD,"thickness 2 mm (+0.2 mm).Styles,rails and reinforcement to be fusion welded together.Only hinge side vertical style to be - . : . . : :",Sqm,4544.7
A9.148.1,9.0 WOOD,"Providing and fixing stainless steel (SS-304 grade) friction hinges to the side/top hung uPVC windows, of approved quality, with - 200x19x1.9 mm",Each,359.3
A9.148.2,9.0 WOOD,"Providing and fixing stainless steel (SS-304 grade) friction hinges to the side/top hung uPVC windows, of approved quality, with - 250x19x1.9 mm",Each,400.4
A9.148.3,9.0 WOOD,"Providing and fixing stainless steel (SS-304 grade) friction hinges to the side/top hung uPVC windows, of approved quality, with - 300x19x1.9 mm",Each,425.1
A9.148.4,9.0 WOOD,"to the side/top hung uPVC windows, of approved quality, with - 350x19x1.9 mm",Each,589.8
A9.148.5,9.0 WOOD,400x19x1.9 mm,Each,622.7
A9.149,9.0 WOOD,powder coated) for uPVC casement window with necessary,Each,225.0
A9.154,9.0 WOOD,"spacing near opening, with necessary welding at junctions and",Kg,140.5
A9.155,9.0 WOOD,portion inside grooves or rebated to be measured). Panelling for,Sqm,1757.9
A9.156.1,9.0 WOOD,Grade - | MDF Board 12 mm thick conforming to IS:14587,Sqm,1003.4
A9.156.2,9.0 WOOD,Grade - | MDF Board 18 mm thick conforming to 1S:14587,Sqm,1243.2
A9.157.1,9.0 WOOD,balancing lamination exterior Grade - | MDF Board 18 mm thick,Sqm,1396.5
A9.157.2,9.0 WOOD,balancing lamination exterior Grade - | MDF Board 25 mm thick,Sqm,1911.4
A9.158.1,9.0 WOOD,"14587:1998 marked, pre-laminated one side decorative arrangement and screws etc. complete. - 12 mm thick",Sqm,1207.2
A9.158.2,9.0 WOOD,"14587:1998 marked, pre-laminated one side decorative arrangement and screws etc. complete. - 18 mm thick",Sqm,1451.7
A9.158.3,9.0 WOOD,"14587:1998 marked, pre-laminated one side decorative arrangement and screws etc. complete. - 25 mm thick",Sqm,1986.0
A9.160.1,9.0 WOOD,"arrangements and screws, including drilling necessary holes for rawl plugs etc. all complete. - 18 mm thick",Sqm,2182.2
A9.160.2,9.0 WOOD,"arrangements and screws, including drilling necessary holes for rawl plugs etc. all complete. - 25 mm thick",Sqm,2716.4
A9.161,9.0 WOOD,vertical style and 4 on horizontal style of size M 10 x 80) suitable,Metre,1861.7
A9.162,9.0 WOOD,thick G.I. sheet (zinc coating not lass than 120gm/mz2) duly filled,Sqm,10310.7
A9.164,9.0 WOOD,required thickness having 120 minutes of fire resistance both,Sqm,48476.0
A9.165.1,9.0 WOOD,shall not be more than 1100x2200 mm (w xh) or 2.42 sqm. Providing and fixing bright/matt finished Stainless Steel handles - 125 mm,Each,119.2
A9.165.2,9.0 WOOD,shall not be more than 1100x2200 mm (w xh) or 2.42 sqm. Providing and fixing bright/matt finished Stainless Steel handles - 100 mm,Each,88.8
A9.165.3,9.0 WOOD,shall not be more than 1100x2200 mm (w xh) or 2.42 sqm. Providing and fixing bright/matt finished Stainless Steel handles - 75 mm,Each,55.8
A10.1,10.0 STEEL WORKS,applying a priming coat of approved steel primer all complete.,Kg,105.3
A10.2,10.0 STEEL WORKS,fixing in position and applying a priming coat of approved steel,Kg,132.9
A10.3,10.0 STEEL WORKS,"with 40 mm dia. Steel pulleys, complete with bolts, nuts, locking",Sqm,8994.3
A10.4,10.0 STEEL WORKS,40x40x6mm angle and T-iron guide at the top and bottom,Sqm,5609.2
A10.5.1,10.0 STEEL WORKS,Using M.S. angels 40x40x6 mm for diagonal braces,Sqm,4808.5
A10.5.2,10.0 STEEL WORKS,Using flats 30x6mm for diagonal braces and central cross piece.,Sqm,4616.3
A10.6.1,10.0 STEEL WORKS,80x1.25 mm M.S. laths with 1.25 mm thick top cover,Sqm,3387.3
A10.6.2,10.0 STEEL WORKS,80x1.20 mm M.S. laths with 1.20 mm thick top cover,Sqm,3214.4
A10.6.3,10.0 STEEL WORKS,80x0.90 mm M.S. laths with 0.90 mm thick top cover,Sqm,3030.6
A10.7,10.0 STEEL WORKS,Providing and fixing ball bearing for rolling shutters,Nos,516.7
A10.8.1,10.0 STEEL WORKS,Exceeding 10.00 sqm and upto 16.80 sqm in the area,Sqm,1361.6
A10.8.2,10.0 STEEL WORKS,Exceeding 16.80 sqm in area,Sqm,1361.6
A10.9,10.0 STEEL WORKS,8mm dia. M.S. bar instead of laths as per design approved by,Sqm,823.2
A10.10.1,10.0 STEEL WORKS,concrete block 15x10x10 cm of C.C. 1:3:6 (1 cement: 3 coarse,Kg,62.2
A10.10.2,10.0 STEEL WORKS,Fixing with 15x3 mm lugs 10 cm long embeded in cement sand: 6 graded stone aggregate 20 mm nominal size) - f :,Kg,32.2
A10.11.1,10.0 STEEL WORKS,concrete block 15x10x10 cm of C.C. 1:3:6 (1 cement: 3 coarse,Kg,197.5
A10.11.2,10.0 STEEL WORKS,sand: 6 graded stone aggegate 20 mm nominal size) Fixing with carbon steel galvanised dash fastener of required dia - : :,Kg,116.8
A10.12,10.0 STEEL WORKS,"glazing clips and metal sash putty in steel doors, windows,",Metre,55.9
A10.13.1,10.0 STEEL WORKS,concrete block 15x10x10 cm of C.C. 1:3:6 (1 cement: 3 coarrse,Kg,127.1
A10.13.2,10.0 STEEL WORKS,sand: 6 graded stone aggregate 20 mm nominal size). Fixing with carbon steel galvanised dash fatener of required dia - : .,Kg,123.0
A10.14.1.1,10.0 STEEL WORKS,Fixing with adjustable lugs with split end tail to each jamb,Metre,484.7
A10.14.1.2,10.0 STEEL WORKS,Fixing with carbon steel galvanised dash fastener of required dia - : .,Metre,471.6
A10.14.2.2,10.0 STEEL WORKS,Fixing with adjustable lugs with split end tail to each jamb,Metre,504.5
A10.14.3.1,10.0 STEEL WORKS,Fixing with adjustable lugs with split end tail to each jamb,Metre,567.1
A10.14.3.2,10.0 STEEL WORKS,Fixing with carbon steel galvanised dash fastener of required dia - : .,Metre,553.9
A10.15.1,10.0 STEEL WORKS,concrete block 15x10x10 cm of C.C. 1:3:6 (1 cement: 3 coarse),Metre,158.8
A10.15.2,10.0 STEEL WORKS,sand: 6 graded stone aggregate 20 mm nominal size) Fixing with carbon steel galvanised dash fastener of required dia - : .,Metre,144.8
A10.16.2,10.0 STEEL WORKS,including welding and bolted with special shaped washers etc. - Hot finished Seamless type tubes,Kg,172.9
A10.16.3,10.0 STEEL WORKS,Electric resistance or induction butt welded tubes,kg,138.3
A10.17,10.0 STEEL WORKS,"during laying, including painting the exposed portion of loop, all",Each,193.8
A10.18,10.0 STEEL WORKS,"proper bonding, top lid shall be screwed into the cast iron/M.S",Each,196.4
A10.20,10.0 STEEL WORKS,Providing and fixing bolts including nuts and washers complete,Kg,136.4
A10.21,10.0 STEEL WORKS,Providing and fixing M.S rivets of sizes in position,kg,226.8
A10.25.1,10.0 STEEL WORKS,"In stringers, treads, landings etc. of stair cases including use of",Kg,114.8
A10.25.2,10.0 STEEL WORKS,"In gratings, frames, guard bar, ladders, railings, brackets, gates",Kg,147.4
A10.26.1,10.0 STEEL WORKS,"Providing and fixing hand rail of approved size by welding etc. to works, including applying priming coat of approved steel primer - M.S. tube",Kg,158.2
A10.26.2,10.0 STEEL WORKS,"Providing and fixing hand rail of approved size by welding etc. to works, including applying priming coat of approved steel primer - E.R.W. tubes",Kg,146.9
A10.26.3,10.0 STEEL WORKS,"Providing and fixing hand rail of approved size by welding etc. to works, including applying priming coat of approved steel primer - G.I. pipes",Kg,174.1
A10.27.1,10.0 STEEL WORKS,"(yield strength 480 N/mm’) counter sunk head, comprising of 10 frame, concrete/ masonry, etc. as per direction of Engineer-in- - 10x60 mm",Each,99.0
A10.27.2,10.0 STEEL WORKS,"(yield strength 480 N/mm’) counter sunk head, comprising of 10 frame, concrete/ masonry, etc. as per direction of Engineer-in- - 10x80 mm",Each,7598.0
A10.27.3,10.0 STEEL WORKS,"(yield strength 480 N/mm’) counter sunk head, comprising of 10 frame, concrete/ masonry, etc. as per direction of Engineer-in- - 10x120 mm",Each,130.3
A10.27.4,10.0 STEEL WORKS,"frame, concrete/ masonry, etc. as per direction of Engineer-in- - 10x140 mm",Each,144.3
A10.27.5,10.0 STEEL WORKS,"frame, concrete/ masonry, etc. as per direction of Engineer-in- - 10x160 mm",Each,179.0
A10.28,10.0 STEEL WORKS,"stainless steel dash fasteners, stainless steel bolts etc., of",kg,664.6
A10.29.1,10.0 STEEL WORKS,Galvanised M.S. Wire gauge with 0.63 mm dia. Wire and 1.4 mm,Sqm,9656.6
A10.29.2,10.0 STEEL WORKS,Stainless steel (Grade 304) wire gauge of 0.5 mm dia. Wire and,Sqm,1072.9
A10.30.1,10.0 STEEL WORKS,1.4mm aperture on both sides Providing and fixing glass panes with putty and glazing clips in - 4.0mm thick glass panes,Sqm,1061.1
A10.30.2,10.0 STEEL WORKS,1.4mm aperture on both sides Providing and fixing glass panes with putty and glazing clips in - 5.5mm thick glass panes,Sqm,1423.3
A11.1.1,11.0 FLOORING,"Brick on edge flooring with bricks of class designation 7.5 on a same mortar, with common burnt clay non-modular bricks: - MF 1:4 (1 cement : 4 coarse sand)",Sqm,1441.3
A11.1.2,11.0 FLOORING,"Brick on edge flooring with bricks of class designation 7.5 on a same mortar, with common burnt clay non-modular bricks: - MF 1:6 (1 cement : 6 coarse sand)",Sqm,1384.6
A11.2,11.0 FLOORING,"joints with Jamunna sand, with common burnt clay non modular",Sqm,1184.5
A11.3.1,11.0 FLOORING,MF 40mm thick with 20mm nominal size stone aggregate,Sqm,609.5
A11.4,11.0 FLOORING,"MF |mix 1:2 (1 cement hardener mix: 2 graded stone aggregate, 6mm",Sqm,890.7
A11.5,11.0 FLOORING,"MF mix 1:2 (1 cement hardener mix: 2 graded stone aggregate, 6mm",Sqm,985.3
A11.6.1,11.0 FLOORING,of steps etc. complete. Cement plaster skirting upto 30 cm height with cement mortar - MF (18 mm thick,Sqm,575.6
A11.7,11.0 FLOORING,"MF 4 graded stone aggregate 20mm nominal size), including finishing =",Cum,10456.8
A11.8,11.0 FLOORING,Extra for making chequers of approved pattern on cement,Sqm,55.0
A11.9.1,11.0 FLOORING,"cement marble powder mix: 7 marble chips) by volume, including cement slurry etc. complete: - Dark shade pigment with ordinary cement.",Sqm,937.1
A11.9.2,11.0 FLOORING,"cement marble powder mix: 7 marble chips) by volume, including cement slurry etc. complete: - Light shade pigment with white cement",Sqm,1030.8
A11.9.4,11.0 FLOORING,cement slurry etc. complete: Medium shade pigment with 50% white cement and 50% ordinary - White cement without any pigment.,Sqm,1005.4
A11.9.5,11.0 FLOORING,Light shade pigment with ordinary cement.,Sqm,932.42
A11.9.6,11.0 FLOORING,cement slurry etc. complete: Medium shade pigment with 50% white cement and 50% ordinary - Ordinary cement without any pigment.,Sqm,901.9
A11.10.1,11.0 FLOORING,MF Dark shade pigment with ordinary cement.,Sqm,942.7
A11.10.2,11.0 FLOORING,"cement marble powder: 7 marble chips) by volume, including cement slurry etc. complete - MF Light shade pigment with white cement",Sqm,1076.5
A11.10.4,11.0 FLOORING,cement slurry etc. complete Medium shade pigment with 50% white cement and 50% ordinary - MF White cement without any pigment.,Sqm,1059.1
A11.10.5,11.0 FLOORING,MF Light shade pigment with ordinary cement.,Sqm,938.0
A11.10.6,11.0 FLOORING,cement slurry etc. complete Medium shade pigment with 50% white cement and 50% ordinary - MF Ordinary cement without any pigment.,Sqm,909.8
A11.11.1,11.0 FLOORING,MF Dark shade pigment with ordinary cement.,Sqm,990.1
A11.11.2,11.0 FLOORING,"cement marble powder mix : 3 marble chips) by volume, including cement slurry etc. complete: - MF Light shade pigment with white cement",Sqm,1177.6
A11.11.4,11.0 FLOORING,Medium shade pigment with 50% white cement and 50% ordinary - MF White cement without any pigment.,Sqm,923.4
A11.11.5,11.0 FLOORING,MF Light shade pigment with ordinary cement.,Sqm,980.8
A11.11.6,11.0 FLOORING,Medium shade pigment with 50% white cement and 50% ordinary - MF Ordinary cement without any pigment.,Sqm,923.4
A11.12.1.1,11.0 FLOORING,MF Dark shade pigment with ordinary cement.,Sqm,1373.8
A11.12.1.2,11.0 FLOORING,4:7 (4 cement marble powder mix: 7 marble chips) by volume: 18 mm thick with under layer 12 mm thick in cement plaster 1:3 - MF Light shade pigment with white cement,Sqm,1467.5
A11.12.1.4,11.0 FLOORING,18 mm thick with under layer 12 mm thick in cement plaster 1:3 Medium shade pigment with 50% white cement and 50% ordinary - MF White cement without any pigment.,Sqm,1343.7
A11.12.1.5,11.0 FLOORING,MF Light shade pigment with ordinary cement.,Sqm,1369.1
A11.12.1.6,11.0 FLOORING,Medium shade pigment with 50% white cement and 50% ordinary - MF Ordinary cement without any pigment.,Sqm,1341.2
A11.13.1,11.0 FLOORING,Medium shade pigment with 50% white cement and 50% ordinary Providing and fixing glass strips in joints of terrazo/ cement - 40mm wide and 4mm thick.,Metre,75.8
A11.14,11.0 FLOORING,"30cm in width, including cost of forming, nosing etc.",Sqm,60.2
A11.16.1,11.0 FLOORING,MF Light shade pigment using white cement,Sqm,1459.2
A11.16.2,11.0 FLOORING,MF Medium shade using 50% white cement and 50% ordinary cement,Sqm,1367.5
A11.16.3,11.0 FLOORING,MF Dark shade pigment using ordinary cement.,Sqm,1284.9
A11.16.4,11.0 FLOORING,MF Ordinary cement without any pigment,Sqm,1216.7
A11.17,11.0 FLOORING,Extra if terrazo tiles are laid in treads of steps not exceeding 30 - MF cm in width.,Sqm,80.4
A11.18.1,11.0 FLOORING,"pigment to match the shade of the tiles, including rubbing and polishing complete with tiles of: - MF Light shade using white cement.",Sqm,2029.2
A11.18.2,11.0 FLOORING,polishing complete with tiles of: Medium shade pigment using 50% white cement and 50% ordinary - MF cement,Sqm,2023.2
A11.18.3,11.0 FLOORING,MF Dark shade pigment using ordinary cement.,Sqm,1804.0
A11.18.4,11.0 FLOORING,polishing complete with tiles of: Medium shade pigment using 50% white cement and 50% ordinary - MF Ordinary cement without any pigment.,Sqm,1718.1
A11.19.1,11.0 FLOORING,and polishing complete on 20mm thick bed of cement mortar 1:4 (1 cement:4 coarse sand): - MF Light shade using white cement.,Sqm,1486.4
A11.19.3,11.0 FLOORING,MF Dark shade pigment using ordinary cement.,Sqm,1312.1
A11.19.4,11.0 FLOORING,(1 cement:4 coarse sand): Medium shade pigment using 50% white cement and 50% ordinary - MF Ordinary cement without any pigment.,Sqm,1243.9
A11.20.1,11.0 FLOORING,"cleaning etc. complete, on 20mm thick bed of cement mortar 1:4 (1 cement: 4 coarse sand) - MF Light shade using white cement.",Sqm,1483.8
A11.20.3,11.0 FLOORING,MF Dark shade pigment using ordinary cement.,Sqm,1055.3
A11.20.4,11.0 FLOORING,(1 cement: 4 coarse sand) Medium shade pigment using 50% white cement and 50% ordinary - MF Ordinary cement without any pigment.,Sqm,987.1
A11.21.1.1,11.0 FLOORING,Engineer-in- Charge. In flooring on a bed of 10 mm thick mortar 1:4 (1 Acid proof - MF Acid and alkali resistant tile,Sqm,1720.2
A11.21.2.1,11.0 FLOORING,“came wn tien sie i st fen - MF Acid and alkali resistant tile,Sqm,1829.9
A11.22.1.1,11.0 FLOORING,12mm thick bed of cement mortat 1:3 (1 cement: 3 coarse sand) pointing in white cement mixed with pigment of matching shade - 8mm thick,Sqm,1443.6
A11.23.1,11.0 FLOORING,"sand) laid and jointed with grey cement slurry, including rubbing and polishing complete with: - \Markrana White Second quality",Sqm,4204.4
A11.23.2,11.0 FLOORING,"sand) laid and jointed with grey cement slurry, including rubbing and polishing complete with: - Raj nagar plain",Sqm,2212.3
A11.23.3,11.0 FLOORING,"sand) laid and jointed with grey cement slurry, including rubbing and polishing complete with: - Agaria White",Sqm,3159.0
A11.23.4,11.0 FLOORING,"sand) laid and jointed with grey cement slurry, including rubbing and polishing complete with: - Black Zebra",Sqm,2780.3
A11.23.5,11.0 FLOORING,"sand) laid and jointed with grey cement slurry, including rubbing and polishing complete with: - \Udaipur green marble",Sqm,2250.2
A11.23.6,11.0 FLOORING,and polishing complete with: - Pink plain marble,Sqm,2297.5
A11.25,11.0 FLOORING,Aas sngetegmiproztomere: ns Sams.) sin40_ so saaz0__ asap aso sing sma sons sia7ossa0__ sn,Sqm,563.0
A11.26.1,11.0 FLOORING,and jointed with grey cement slurry mixed with pigment to complete with base of cement mortar 1:4 (1 cement: 4 coarse - 25 mm thick,Sqm,1680.6
A11.27,11.0 FLOORING,cement: 3 coarse sand) and jointed with grey cement slurry,Sqm,1453.8
A11.28.1,11.0 FLOORING,40 mm thick fine dressed stone flooring over 20 mm (average) joints finished flush. - Red sand stone,Sqm,995.1
A11.28.2,11.0 FLOORING,40 mm thick fine dressed stone flooring over 20 mm (average) joints finished flush. - White sand stone,Sqm,995.1
A11.29.1,11.0 FLOORING,"thick base of cement mortar 1:5 (1 cement: 5 coarse sand), dust) with an admixture of pigment to match the shade of stone. - Red sand stone",Sqm,1167.4
A11.29.2,11.0 FLOORING,White sand stone,Sqm,1167.4
A11.30.1,11.0 FLOORING,stone dust) with an admixed with pigment to match the shade of stone and pointing with same mortar. - Red sand stone,Sqm,1254.1
A11.30.2,11.0 FLOORING,stone dust) with an admixed with pigment to match the shade of stone and pointing with same mortar. - White sand stone,Sqm,1254.1
A11.32,11.0 FLOORING,sand stone slab. Extra for kota stone/ sand stone in treads of steps and risers - wo.,Sqm,28.1
A11.33.1,11.0 FLOORING,"25mm wooden planking, tongued and grooved in flooring, including fixing with iron screws complete with: - 2nd class Teak wood",Sqm,2400.6
A11.33.2,11.0 FLOORING,"25mm wooden planking, tongued and grooved in flooring, including fixing with iron screws complete with: - 2nd class deodar wood",Sqm,1798.3
A11.35,11.0 FLOORING,"(minimum three lugs to be provided), including necessary",Sqm,148.8
A11.38,11.0 FLOORING,MF 50mm thick bed of Cement Mortar 1:4 (1 Cement : 4 Coarse,Sqm,1157.4
A11.41.1,11.0 FLOORING,"Grey cement slurry @3.3 kg/sqm including grouting the joints with white cement and matching pigments etc., complete. - MF Size of Tile 500x500 mm",Sqm,1491.0
A11.41.2,11.0 FLOORING,"Grey cement slurry @3.3 kg/sqm including grouting the joints with white cement and matching pigments etc., complete. - MF Size of Tile 600x600 mm",Sqm,1777.0
A11.41.3,11.0 FLOORING,"Grey cement slurry @3.3 kg/sqm including grouting the joints with white cement and matching pigments etc., complete. - MF Size of Tile 800x800 mm",Sqm,2098.5
A11.41.4,11.0 FLOORING,"Grey cement slurry @3.3 kg/sqm including grouting the joints with white cement and matching pigments etc., complete. - MF Size of Tile 1000x1000 mm",Sqm,3009.7
A11.42,11.0 FLOORING,4 coarse sand) bedding in laying of floor tiles and jointing with,Sqm,785.3
A11.43,11.0 FLOORING,high polymer modified quick- set tile adhesive (water based),Sqm,603.5
A11.44,11.0 FLOORING,"MF |having specific gravity of 1.34 to 1.40, cross section size ranging",Sqm,697.4
A11.46.1,11.0 FLOORING,"with Grey cement slurry @3.3 kg/sqm including grouting the joints with white cement and matching pigments etc., complete. - MF Size of Tile 500x500 mm",Sqm,1490.5
A11.46.2,11.0 FLOORING,"with Grey cement slurry @3.3 kg/sqm including grouting the joints with white cement and matching pigments etc., complete. - MF Size of Tile 600x600 mm",Sqm,1776.9
A11.46.3,11.0 FLOORING,"with Grey cement slurry @3.3 kg/sqm including grouting the joints with white cement and matching pigments etc., complete. - MF Size of Tile 800x800 mm",Sqm,2098.0
A11.46.4,11.0 FLOORING,"with Grey cement slurry @3.3 kg/sqm including grouting the joints with white cement and matching pigments etc., complete. - MF Size of Tile 1000x1000 mm",Sqm,3009.2
A11.47.1,11.0 FLOORING,"thickness, including grouting of joints (payment for grouting of joints to be made seperately). - Size of Tile 500x500 mm",Sqm,1598.8
A11.47.2,11.0 FLOORING,"thickness, including grouting of joints (payment for grouting of joints to be made seperately). - Size of Tile 600x600 mm",Sqm,1885.2
A11.47.3,11.0 FLOORING,"thickness, including grouting of joints (payment for grouting of joints to be made seperately). - Size of Tile 800x800 mm",Sqm,2206.3
A11.47.4,11.0 FLOORING,Size of Tile 1000x1000 mm,Sqm,3117.6
A11.48.1,11.0 FLOORING,including filling/ grouting and finishing complete as per direction of Engineer-in -Charge. - Size of Tile 500x500 mm,Sqm,298.6
A11.48.2,11.0 FLOORING,including filling/ grouting and finishing complete as per direction of Engineer-in -Charge. - Size of Tile 600x600 mm,Sqm,249.0
A11.48.3,11.0 FLOORING,including filling/ grouting and finishing complete as per direction of Engineer-in -Charge. - Size of Tile 800x800 mm,Sqm,200.4
A11.48.4,11.0 FLOORING,including filling/ grouting and finishing complete as per direction of Engineer-in -Charge. - Size of Tile 1000x1000 mm,Sqm,145.2
A11.49.1,11.0 FLOORING,"conforming to IS: 15477, in average 6 mm thickness, including grouting of joints (payment for grouting of joints to be made - Size of Tile 500x500 mm",Sqm,1491.8
A11.49.2,11.0 FLOORING,"conforming to IS: 15477, in average 6 mm thickness, including grouting of joints (payment for grouting of joints to be made - Size of Tile 600x600 mm",Sqm,1778.0
A11.49.3,11.0 FLOORING,"conforming to IS: 15477, in average 6 mm thickness, including grouting of joints (payment for grouting of joints to be made - Size of Tile 800x800 mm",Sqm,2099.3
A11.49.4,11.0 FLOORING,"conforming to IS: 15477, in average 6 mm thickness, including grouting of joints (payment for grouting of joints to be made - Size of Tile 1000x1000 mm",Sqm,3010.5
A11.51.1,11.0 FLOORING,"18 mm thick Italian marble stone slab, Perlato, Rosso Verona,",Sqm,7237.6
A11.52.1,11.0 FLOORING,"Engineer-in-charge. 18 mm thick Italian marble stone slab, Perlato, Rosso Verona, - MFC.",Sqm,7568.3
A11.54.1,11.0 FLOORING,as per the approved manufacturers specification and as per the direction of the Engineer-in-Charge. - 300mm Finished Floor Height (FFH),Sqm,6080.3
A11.54.2,11.0 FLOORING,as per the approved manufacturers specification and as per the direction of the Engineer-in-Charge. - 450mm Finished Floor Height (FFH),Sqm,6435.9
A11.55.1,11.0 FLOORING,"rubbing, curing and polishing etc. all complete as specified and as directed by the Engineer-in-charge. - MF .",Sqm,2877.5
A11.56.1,11.0 FLOORING,"directed by the Engineer-in-charge. Polished Granite Stone slab Jet Black, Cherry Red, Elite Brown, - MF Cat Eye or equivalent.",Sqm,4472.4
A12.1.1,12.0 ROOFING,(0.80mm thick with zinc coating not less than 275gm/m?,Sqm,1784.8
A12.1.2,12.0 ROOFING,0.63mm thick with zinc coating not less than 275gm/m?,Sqm,1500.5
A12.1.3,12.0 ROOFING,(0.50mm thick with zinc coating not less than 275gm/m?,Sqm,1223.3
A12.1.4,12.0 ROOFING,0.45 mm thick with zinc coating not less than 275gm/m?,Sqm,1128.8
A12.1.5,12.0 ROOFING,(0.40 mm thick with zinc coating not less than 275gm/m?,Sqm,1031.9
A12.1.6,12.0 ROOFING,0.35 mm thick with zinc coating not less than 275gm/m?,Sqm,935.1
A12.1.7,12.0 ROOFING,0.30 mm thick with zinc coating not less than 275gm/m?,Sqm,828.8
A12.2.1,12.0 ROOFING,‘Extra for straight cutting in C.G.S. sheet roofing for making | | | | | | - 0.80mm thick,Metre,61.5
A12.2.2,12.0 ROOFING,‘Extra for straight cutting in C.G.S. sheet roofing for making | | | | | | - 0.63 mm thick,Metre,61.5
A12.2.3,12.0 ROOFING,‘Extra for straight cutting in C.G.S. sheet roofing for making | | | | | | - 0.50 mm thick & less,Metre,56.4
A12.3.1,12.0 ROOFING,‘Extra for circular cutting in C.G.S. sheet roofing for making | | | | | | - 0.80mm thick,Metre,340.7
A12.3.2,12.0 ROOFING,‘Extra for circular cutting in C.G.S. sheet roofing for making | | | | | | - 0.63 mm thick,Metre,340.7
A12.3.3,12.0 ROOFING,‘Extra for circular cutting in C.G.S. sheet roofing for making | | | | | | - 0.50 mm thick & less,Metre,310.9
A12.4.1,12.0 ROOFING,0.80mm thick with zinc coating not less than 275gm/m?,Metre,1085.1
A12.5.1,12.0 ROOFING,1.60mm thick with zinc coating not less than 350gm/m2,Metre,2086.9
A12.8,12.0 ROOFING,"or L hooks, bolts and nuts 8mm dia. G.I. plain and bitumen",Sqm,525.1
A12.9,12.0 ROOFING,as per the approved manufacturers specification and as per the,Metre,61.5
A12.10,12.0 ROOFING,6mm thick sheet roofing for making openings of area exceeding,Metre,170.0
A12.11,12.0 ROOFING,40 square decimeter. Extra for providing and fixing wind ties of 40x6mm flat iron - section.,Metre,194.6
A12.12.1,12.0 ROOFING,by organic fibres and/ or inorganic synthetic fibres roofing with washer etc. complete. - Corrugated serrated adjustable ridges,Metre,494.9
A12.12.2,12.0 ROOFING,by organic fibres and/ or inorganic synthetic fibres roofing with washer etc. complete. - Plain wing adjustable ridges,Metre,494.9
A12.12.3,12.0 ROOFING,by organic fibres and/ or inorganic synthetic fibres roofing with washer etc. complete. - Close fitting adjustable ridges,Metre,560.7
A12.12.4,12.0 ROOFING,by organic fibres and/ or inorganic synthetic fibres roofing with washer etc. complete. - Unserrated adjustable hips,Metre,494.9
A12.13.1,12.0 ROOFING,washer etc. complete. - Corrugated apron pieces,Metre,422.7
A12.13.2,12.0 ROOFING,washer etc. complete. - Eave's filler pieces,Metre,339.4
A12.13.3,12.0 ROOFING,North light curves,Metre,575.5
A12.13.4,12.0 ROOFING,Ventilator curves,Metre,627.7
A12.13.5,12.0 ROOFING,Barge boards,Metre,750.4
A12.13.6,12.0 ROOFING,Ridge finials,Metre,320.8
A12.13.7,12.0 ROOFING,Special north light curves,Metre,1048.9
A12.13.8,12.0 ROOFING,S type louvers,Metre,482.9
A12.14,12.0 ROOFING,nuts and washers etc. for fixing G.S. sheets gutters with purlins,Metre,81.5
A12.15.1,12.0 ROOFING,With residual type petroleum bitumen of grade VG- 10,Sqm,196.4
A12.16.1,12.0 ROOFING,cement and finished neat: With common burnt clay F.P.S. (non modular) brick tile of class - designation 10,Sqm,1053.6
A12.17.1,12.0 ROOFING,"brick tile of class designation 12.5, conforming to IS 2690",Sqm,1078.6
A12.18,12.0 ROOFING,Extra for every additional 1 cm thickness of mud phaska,Sqm,39.9
A12.19.1,12.0 ROOFING,12mm layer of cememt mortar 1:3 (1 cement: 3 fine sand) and With common burnt clay F.P.S. (non modular) brick tile of class - : :,Sqm,579.0
A12.21.1,12.0 ROOFING,"coarse sand: 4 stone aggregate 10mm and down gauge), including standard design: - In 75x75 mm deep chase",Metre,241.6
A12.22,12.0 ROOFING,cement concrete 1:2:4 (1 cement: 2 coarse sand: 4 graded stone aggregate of 20mm nominal size) over P.V.C. sheet 1mx1mx400 - . F,Metre,303.7
A12.27.4.1,12.0 ROOFING,/12mm thick,Metre,380.0
A12.27.5.1,12.0 ROOFING,3mm thick,Metre,325.4
A12.27.5.2,12.0 ROOFING,4.5 mm thick,Metre,342.3
A12.31.1,12.0 ROOFING,"upto a height of 5m above floor level, over first class kail wood rabbit wire mesh fixed to wooden frame (frame work to be paid - Flat surfaces",Sqm,1289.9
A12.31.2,12.0 ROOFING,"upto a height of 5m above floor level, over first class kail wood rabbit wire mesh fixed to wooden frame (frame work to be paid - Curved surfaces",Sqm,1520.7
A12.32,12.0 ROOFING,Amon deen TNE sm ata) atnt0 ana) sgo rs oun aso anon 99 om no ars,Sqm,419.4
A12.35,12.0 ROOFING,"8183. density 16 kg/ m?, 50mm thick, wrapped in 200 G Virgin",sqm,275.1
A12.36.1,12.0 ROOFING,Thermal Insulation of roofing with expanded polystyrene fixed the Engineer-in-Charge: | | | | | | - With Type N- Normal 50mm thick,Sqm,308.7
A12.36.2,12.0 ROOFING,With Type SE- Self Extinguishing type 50mm thick,Sqm,354.0
A12.37.1,12.0 ROOFING,the Engineer-in-Charge: | | | | | | in cement mortar 1:4 (1 cement: 4 fine sand) | | | | | | - Stone ware spout,Each,128.3
A12.38.1,12.0 ROOFING,sand: 4 graded stone aggregate 20 mm nominal size) and cost of cutting holes and making good the walls etc.: - 100mm diameter,Each,267.6
A12.39.1,12.0 ROOFING,100 mm dia. Pipe,Each,439.9
A12.39.2,12.0 ROOFING,150 mm dia. Pipe,Each,604.7
A12.41.1,12.0 ROOFING,"with seal ring conforming to IS: 5382, leaving 10mm gap for thermal expansion, (i) single socketed pipes. - (75mm dia.",Metre,207.1
A12.41.2,12.0 ROOFING,"with seal ring conforming to IS: 5382, leaving 10mm gap for thermal expansion, (i) single socketed pipes. - 110mm dia.",Metre,322.0
A12.42.1.1,12.0 ROOFING,"fittings/ accessories for unplasticised Rigid PVC rain water pipes conforming to IS: 5382, leaving 10mm gap for thermal expansion. - 75mm",Each,65.0
A12.42.1.2,12.0 ROOFING,"fittings/ accessories for unplasticised Rigid PVC rain water pipes conforming to IS: 5382, leaving 10mm gap for thermal expansion. - 110mm",Each,109.0
A12.42.2.1,12.0 ROOFING,"conforming to IS: 5382, leaving 10mm gap for thermal expansion. - (75mm",Each,65.0
A12.42.2.2,12.0 ROOFING,"conforming to IS: 5382, leaving 10mm gap for thermal expansion. - 110mm",Each,97.9
A12.42.3.2,12.0 ROOFING,110x110x110mm,Each,143.1
A12.42.4.2,12.0 ROOFING,110x110x110mm,Each,232.0
A12.42.5.1,12.0 ROOFING,75mm bend,Each,79.8
A12.42.5.2,12.0 ROOFING,110mm bend,Each,124.2
A12.42.6.1,12.0 ROOFING,75mm shoe,Each,66.6
A12.42.6.2,12.0 ROOFING,110mm shoe,Each,104.5
A12.43.1,12.0 ROOFING,cement mortar 1:4 (1 cement: 4 coarse sand) and making good the wall etc. complete. - 75mm,Nos,269.5
A12.43.2,12.0 ROOFING,"ont (a sin atm, mn watt tae - 110mm",Nos,267.9
A12.45.1,12.0 ROOFING,2095- (Part- |): 2011 (Board with BIS Certification marks),Sqm,1276.2
A12.45.2,12.0 ROOFING,board conforming to IS: 2095- (Part- Ill): 1996 (Board with BIS,Sqm,1315.3
A12.52.1,12.0 ROOFING,inclusives) and eletro statically polyester powder coated of,Sqm,1697.5
A12.52.2,12.0 ROOFING,"NRC (noise reduction coefficient) of 0.5, eletro statically",Sqm,1875.6
A12.52.3,12.0 ROOFING,12micron metalized ployester on the back side with all edges,Sqm,2160.8
A12.52.4,12.0 ROOFING,"c/c with center borders of 48 mm and the side borders of 30 mm,",Sqm,1287.8
A12.53,12.0 ROOFING,"1200mm centre to centre along main T, bottom exposed width of",Sqm,1864.3
A12.54.1,12.0 ROOFING,inclusives) and eletro statically polyester powder coated of,Sqm,1980.1
A12.58.1,12.0 ROOFING,"225kg/sq.cm, bending strength 100 kg/sq.cm, of size",sqm,2014.6
A12.59.1,12.0 ROOFING,Siliceous materials reinforeced with cellulose fibre manufactured,Sqm,1358.6
A12.64.1,12.0 ROOFING,"profile steel (width 1120 mm) (DYNA, DURASHINE, BLUESCOPE purlins, rafters and trusses. - 0.40 mm thick",Sqm,1794.6
A12.64.2,12.0 ROOFING,"profile steel (width 1120 mm) (DYNA, DURASHINE, BLUESCOPE purlins, rafters and trusses. - 0.50 mm thick",Sqm,1924.0
A12.64.3,12.0 ROOFING,"profile steel (width 1120 mm) (DYNA, DURASHINE, BLUESCOPE purlins, rafters and trusses. - 0.60 mm thick",Sqm,2109.0
A12.64.4,12.0 ROOFING,"profile steel (width 1120 mm) (DYNA, DURASHINE, BLUESCOPE purlins, rafters and trusses. - 0.80 mm thick",Sqm,2407.4
A12.66.1,12.0 ROOFING,"Providing Zinc Aluminium Alloy Galvanized coloured tile profile of 60 degrees) excluding the cost of purlins, rafters and trusses. - 0.40 mm thick",Sqm,1947.8
A12.67,12.0 ROOFING,"make the entire system water tight, Silicon sealants to be used",Sqm,3471.1
A13.1.1,13.0 FINISHING,Samson try sae a est fn ses eM - MF 1:4(1 cement: 4 fine sand),Sqm,265.4
A13.1.2,13.0 FINISHING,Samson try sae a est fn ses eM - MF |1:6 (1 cement: 6 fine sand),Sqm,246.6
A13.2.1,13.0 FINISHING,15 mm Cement Plaster on the rough side of single or half brick - MF 1:4 (1 cement: 4 fine sand),Sqm,308.0
A13.2.2,13.0 FINISHING,15 mm Cement Plaster on the rough side of single or half brick - MF |1:6 (1 cement: 6 fine sand),Sqm,211.8
A13.3.2,13.0 FINISHING,15 mm Cement Plaster on the rough side of single or half brick - MF |1:6 (1 cement:6 fine sand),Sqm,342.1
A13.4.1,13.0 FINISHING,MF 1:4 (1 cement: 4 coarse sand),Sqm,298.2
A13.4.2,13.0 FINISHING,MF |1:6 (1 cement: 6 coarse sand),Sqm,279.4
A13.5.2,13.0 FINISHING,15 mm Cement Plaster on rough side of single or half brick - MF |1:6 (1 cement: 6 coarse sand),Sqm,324.6
A13.6.1,13.0 FINISHING,15 mm Cement Plaster on rough side of single or half brick - MF 1:4 (1 cement: 4 coarse sand),Sqm,422.4
A13.6.2,13.0 FINISHING,15 mm Cement Plaster on rough side of single or half brick - MF |1:6 (1 cement: 6 coarse sand),Sqm,393.1
A13.7.1,13.0 FINISHING,12 mm cement plaster finished with a floating coat of neat - MF 1:3 (1 cement: 3 fine sand),Sqm,345.0
A13.7.2,13.0 FINISHING,12 mm cement plaster finished with a floating coat of neat - MF |1:4 (1 cement: 4 fine sand),Sqm,326.1
A13.8.2,13.0 FINISHING,15 mm cement plaster on rough side of single or half brick - MF |1:4 (1 cement: 4 fine sand),Sqm,368.7
A13.9.2,13.0 FINISHING,‘Cement plaster 1:3 (1 cement: 3 coarse sand) finished with a - MF |20 mm cement plaster,Sqm,512.4
A13.10,13.0 FINISHING,MF with a floating coat of neat cement on the rough side of single or,Sqm,430.3
A13.12,13.0 FINISHING,MF iam thick cement plaster 1:3 (1 cement: 3 coarse sand) finished,Sqm,448.8
A13.13,13.0 FINISHING,MF 12mm cement plaster 1:2 (1 cement: 2 stone dust).,Sqm,303.4
A13.14,13.0 FINISHING,rough with sponge. 15 mm cement plaster 1:2 (1 cement: 2 stonedust) on the rough - MF : :,Sqm,353.3
A13.15,13.0 FINISHING,MF 20mm cement plaster 1:2 (1 cement: 2 stone dust):,Sqm,430.4
A13.16.1,13.0 FINISHING,side of single or half brick wall. - MF 1:3 (1 cement: 3 fine sand),Sqm,215.7
A13.17,13.0 FINISHING,MF floating coat of neat cement and thick coat of Lime wash on top,Sqm,287.7
A13.18,13.0 FINISHING,6mm cement plaster 1:3 (1 cement: 3 fine sand) finished with a of walls when dry for bearing of R.C.C. slabs and beams. - Neat Cement Punning:,Sqm,62.7
A13.19.1,13.0 FINISHING,MF Ordinary cement finish using ordinary cement,Sqm,686.1
A13.21,13.0 FINISHING,plaster work in proportion recommended by the manufacturers.,Sqm,73.5
A13.22,13.0 FINISHING,ground level for every additional height of 3m or part thereof:,Sqm,50.4
A13.23.1,13.0 FINISHING,Extra for plastering on circular work not exceeding 6m in - In One coat,Sqm,30.5
A13.24.1,13.0 FINISHING,"Extra for plastering done on moulding, cornices or architraves including neat finish to line and level: - In One coat",Sqm,442.6
A13.24.2,13.0 FINISHING,including neat finish to line and level: - In Two coats,Sqm,728.9
A13.25.1,13.0 FINISHING,Spherical ceiling,Sqm,113.6
A13.25.2,13.0 FINISHING,Groined ceiling,Sqm,123.6
A13.25.3,13.0 FINISHING,Flewing soffits,Sqm,74.7
A13.26,13.0 FINISHING,over plastered surface to prepare the surface even and smooth,Sqm,186.6
A13.27,13.0 FINISHING,Providing and applying plaster of paris putty of 2mm thickness ‘Extra for lining out plaster to imitate stone or concrete blocks | | | | | | - walling,Sqm,70.8
A13.28.1,13.0 FINISHING,‘12 mm thick plain cement mortar bands in cement mortar 1:4 (1 | | | | | | cement: 4 fine sand): - Flush Band,Sqm,51.5
A13.28.2,13.0 FINISHING,‘12 mm thick plain cement mortar bands in cement mortar 1:4 (1 | | | | | | cement: 4 fine sand): - /Sunk Band,Sqm,56.0
A13.28.3,13.0 FINISHING,‘12 mm thick plain cement mortar bands in cement mortar 1:4 (1 | | | | | | cement: 4 fine sand): - Raised Band,Sqm,63.2
A13.28.4,13.0 FINISHING,‘12 mm thick plain cement mortar bands in cement mortar 1:4 (1 | | | | | | cement: 4 fine sand): - ‘Moulded Band,Sqm,105.0
A13.29.1,13.0 FINISHING,18 mm thick plain cement mortar band in cement mortar 1:4 (1 cement: 4 fine sand): - Flush Band,Sqm,63.7
A13.29.2,13.0 FINISHING,18 mm thick plain cement mortar band in cement mortar 1:4 (1 cement: 4 fine sand): - /Sunk Band,Sqm,69.5
A13.29.3,13.0 FINISHING,18 mm thick plain cement mortar band in cement mortar 1:4 (1 cement: 4 fine sand): - Raised Band,Sqm,78.5
A13.29.4,13.0 FINISHING,18 mm thick plain cement mortar band in cement mortar 1:4 (1 cement: 4 fine sand): - ‘Moulded Band,Sqm,141.9
A13.31.1,13.0 FINISHING,Pointing on brick work or brick flooring with cement mortar 1:3 | | | | | | (1 Cement: 3 fine sand): - Flush/Ruled/Struk or weathered pointing,Sqm,170.5
A13.31.2,13.0 FINISHING,Pointing on brick work or brick flooring with cement mortar 1:3 | | | | | | (1 Cement: 3 fine sand): - Raised and cut pointing,Sqm,277.5
A13.32.1,13.0 FINISHING,(1 Cement: 3 fine sand): Pointing on tile brick work with cement mortar 1:3 (1 Cement: 3 - Flush/Ruled/Struk or weathered pointing,Sqm,233.5
A13.33.1,13.0 FINISHING,Pointing on stone work with cement mortar 1:3 (1 Cement: 3 fine - Flushed/ Ruled pointing,Sqm,245.3
A13.33.2,13.0 FINISHING,Pointing on stone work with cement mortar 1:3 (1 Cement: 3 fine - Raised and cut pointing,Sqm,444.9
A13.34,13.0 FINISHING,Raised and cut pointing on stone work in white cement mortar,Sqm,489.9
A13.35.1,13.0 FINISHING,1:3 (1 white cement: 3 marble dust). Pointing on stone slab ceiling with cement mortar 1:2 (1 cement: - Flush/Ruled pointing,Sqm,138.6
A13.36,13.0 FINISHING,m from ground level for every additional height of 3 m or part,Sqm,8.8
A13.37.1,13.0 FINISHING,Extra for pointing on walls on the outside at hieght more than 10 - New work (three or more coat),Sqm,25.0
A13.38,13.0 FINISHING,Extra for pointing on walls on the outside at hieght more than 10 - Satna lime wash on walls one coat.,Sqm,10.1
A13.39.1,13.0 FINISHING,New work (two or more coats) with a base coat of white washing - with lime,Sqm,34.4
A13.41.1,13.0 FINISHING,brand and manufacture to give an even shade: New work (two or more coats) over and including water thinnable - a : :,Sqm,135.7
A13.42.1,13.0 FINISHING,"having VOC content less than 50 gms/litre, of approved manufacturer's specification. - Two or more coats on new work",Sqm,80.1
A13.43.1,13.0 FINISHING,Applying one coat of water thinnable cement primer of approved brand and manufacture on wall surface: - Water thinnable cement primer,Sqm,54.9
A13.44.1,13.0 FINISHING,New work (Two or more coat applied @ 3.84 kg/10 sqm),Sqm,87.0
A13.45.1,13.0 FINISHING,and including priming coat of exterior primer applied @ 2.20,Sqm,255.4
A13.46.1,13.0 FINISHING,including priming coat of exterior primer applied @ 2.20 kg/10,Sqm,172.5
A13.47.1,13.0 FINISHING,including priming coat of exterior primer applied @ 2.20 kg/10,Sqm,167.7
A13.48.1,13.0 FINISHING,including one coat of special primer applied @ 0.75 ltr/10 sqm.,Sqm,144.3
A13.48.2,13.0 FINISHING,coat of primer applied @0.75 ltr/10 sqm of approved brand or,Sqm,129.6
A13.48.3,13.0 FINISHING,under coat of primer applied @0.80 ltr/10 sqm of approved brand,Sqm,124.2
A13.50.2,manufacture on wood work (hard and soft wood),With ready mixed aluminium primer of approved brand and,Sqm,54.9
A13.50.3,manufacture on wood work (hard and soft wood),brand and manufacture on Steel galvanised iron/steel works,Sqm,47.0
A13.50.4,manufacture on wood work (hard and soft wood),brand and manufacture on on steel work (second coat):,Sqm,25.7
A13.51.1,manufacture on wood work (hard and soft wood),Painting with silicon and acrylic emulsion based water thinnable portion of plastered surfaces: - One Coat,Sqm,82.7
A13.51.2,manufacture on wood work (hard and soft wood),Painting with silicon and acrylic emulsion based water thinnable portion of plastered surfaces: - Two Coats,Sqm,131.4
A13.52.1,manufacture on wood work (hard and soft wood),Finishing with Epoxy paint (two or more coats) at all locations prepared and applied as per manufacturer's specifications - On Steel Works:,Sqm,183.0
A13.52.2,manufacture on wood work (hard and soft wood),Finishing with Epoxy paint (two or more coats) at all locations prepared and applied as per manufacturer's specifications - On Concrete Works:,Sqm,182.5
A13.53.1,manufacture on wood work (hard and soft wood),primer but excluding a coat of mordant solution,Sqm,127.5
A13.54.1,manufacture on wood work (hard and soft wood),"‘New work (two or more coats) including a coat of approved steel | | | | | | ‘With a solution of 38gms of copper acetate in a litre of soft | | | | | | - water,",Sqm,108.5
A13.54.2,manufacture on wood work (hard and soft wood),"13gms each of copper chloride, copper nitrate and ammonium",Sqm,43.9
A13.55.1,manufacture on wood work (hard and soft wood),pipes and fittings with black anticorrosive bitumastic paint ready mixed zinc chromate yellow primer on new work: - 100 mm Diameter pipes,Sqm,54.9
A13.55.2,manufacture on wood work (hard and soft wood),pipes and fittings with black anticorrosive bitumastic paint ready mixed zinc chromate yellow primer on new work: - 150 mm Diameter pipes,Sqm,82.0
A13.56.2,approved steel primer on new work,pipes and fittings with synthetic enamel paint of approved brand approved steel primer on new work - 150 mm Diameter pipes,Sqm,84.8
A13.57.1,approved steel primer on new work,approved steel primer on new work - ‘New Work (Two or more coat),Sqm,45.1
A13.58,approved steel primer on new work,preparation of base surface as per recommendation of,Sqm,324.7
A13.59,approved steel primer on new work,coal tar per sqm in the first coat and second coat respectively,Sqm,47.3
A13.61.1,approved steel primer on new work,Painting with synthetic enamel paint of approval brand and Amer anfanuretoge sn em - Two or more coats on new work,Sqm,115.0
A13.62.1,approved steel primer on new work,shade with ordinary paint of approved brand and manufacture,Sqm,167.5
A13.63.1,approved steel primer on new work,Painting with aluminium paint of approved brand and manufacture to give an even shade: - Two or more coats on new work,Sqm,103.5
A13.64.1,approved steel primer on new work,Painting with acid proof paint of approved brand and manufacture of required colour to give an even shade - Two or more coats on new work,Sqm,125.5
A13.65.1,approved steel primer on new work,Painting with black anti corrosive bitumastic paint of approved brand and manufacture to give an even shade - Two or more coats on new work,Sqm,95.9
A13.66.1,approved steel primer on new work,Floor Painting with floor enamel paint of approved brand and manufacture of required colour to give an even shade - Two or more coats on new work,Sqm,143.4
A13.67.1,approved steel primer on new work,Two or more coat of glue sizing with copal varnish over an under - : .,Sqm,167.1
A13.67.2,approved steel primer on new work,coat of flatting varnish. Two or more coat of glue sizing with spar varnish or an under - : .,Sqm,168.2
A13.68.1,approved steel primer on new work,Two or more coats on new works including a coat of wood filler.,Sqm,320.9
A13.69.1,approved steel primer on new work,Polishing on wood work with ready mixed wax polish of approved brand and manufacture - New Work,Sqm,135.0
A13.72,approved steel primer on new work,cement plaster 1:1/2:2 (1 cement : 1/2 coarse sand: 2 stone,Sqm,883.1
A13.73.1,approved steel primer on new work,to the edge of panels and finishing the groove complete as per specifications and direction of the Engineer-in-Charge: - 15mm wide and 15mm deep groove,Sqm,52.7
A13.73.2,approved steel primer on new work,to the edge of panels and finishing the groove complete as per specifications and direction of the Engineer-in-Charge: - 20 mm wide and 15mm deep groove,Sqm,53.2
A13.74,approved steel primer on new work,than 10m from ground level for every additional height of 3m or,Sqm,136.5
A13.75,approved steel primer on new work,Extra for washed grit plaster on exterior walls of height more - . . ar,Sqm,94.7
A13.76,approved steel primer on new work,Channels of appropriate size and thickness (not less than 2mm),Sqm,96.1
A13.77,approved steel primer on new work,of the engineer-in-Charge Extra for using white cement in place of ordinary cement in the - . .,Sqm,243.0
A13.79,approved steel primer on new work,1.34 to 1.40 in cement plaster/mortar by using 125 gms of,Sqm,82.3
A13.81.1,approved steel primer on new work,"(Volatile Organic Compound) content less than 50 grams/litre, of coat wherever required, to achieve even shade and colour. - One Coat",Sqm,46.5
A13.81.2,approved steel primer on new work,"(Volatile Organic Compound) content less than 50 grams/litre, of coat wherever required, to achieve even shade and colour. - Two Coats",Sqm,73.6
A13.82.1,approved steel primer on new work,"organic compound) content lesss than 50 gm/liter, of approved wherever required, to achieve even shade and colour. - One Coat",Sqm,63.8
A13.82.2,approved steel primer on new work,"organic compound) content lesss than 50 gm/liter, of approved wherever required, to achieve even shade and colour. - Two Coats",Sqm,95.1
A13.83.1,approved steel primer on new work,"applying additional coats wherever required, to achieve even shade and colour. - One Coat",Sqm,69.4
A13.83.2,approved steel primer on new work,"applying additional coats wherever required, to achieve even shade and colour. - Two Coats",Sqm,103.8
A13.85.1,approved steel primer on new work,soft wood) having VOC content less than 50 gm/litre,Sqm,54.3
A13.85.3,approved steel primer on new work,Ares3Geiastnsogemice MENS sym stay size saan saga stn saao aso sso saan sco saa,Sqm,52.3
A13.87.1,approved steel primer on new work,6mm plaster on cement concrete or reinforced cement concrete mortars of approved make as per the direction of Engineer-in- - Old work (two or more coats),Sqm,14.7
A13.87.2,approved steel primer on new work,6mm plaster on cement concrete or reinforced cement concrete mortars of approved make as per the direction of Engineer-in- - Old work (one or more coats),Sqm,8.1
A13.88,approved steel primer on new work,and preparing the surface smooth including necessary repairs to,Sqm,12.0
A13.89,approved steel primer on new work,manufacture (one or more coats) and of required shade on old,Sqm,44.9
A13.90.1,approved steel primer on new work,Distempering with 1st quality acrylic distemper (Ready mix) and manufacture to give an even shade: - Old work (one or more coats),Sqm,51.0
A13.91,approved steel primer on new work,"Removing dry or oil bound distemper, water proofing cement paint and the like by scrapping, sand papering and preparing the - . . .",Sqm,15.6
A13.92.1,approved steel primer on new work,Painting on G.S. sheet with synthetic enamel paint of approved | | | | | | - Old work (one or more coats),Sqm,64.5
A13.93.1,approved steel primer on new work,approved brand and manufacture over and including a priming coat of ready mixed zinc chromate yellow primer on new work: - 75 mm diameter pipes,Sqm,41.1
A13.94.1,approved brand and manufacture on old work:,"Painting (one or more coats) on rain water,soil, waste and vent approved brand and manufacture on old work: - 75 mm diameter pipes",Sqm,17.2
A13.94.2,approved brand and manufacture on old work:,"Painting (one or more coats) on rain water,soil, waste and vent approved brand and manufacture on old work: - 100 mm diameter pipes",Sqm,22.7
A13.94.3,approved brand and manufacture on old work:,"Painting (one or more coats) on rain water,soil, waste and vent approved brand and manufacture on old work: - 150 mm diameter pipes",Sqm,32.2
A13.95.1,yellow primer on new work:,pipes and fittings with aluminium paint of approved brand and yellow primer on new work: - 75 mm diameter pipes,Metre,40.5
A13.95.2,yellow primer on new work:,pipes and fittings with aluminium paint of approved brand and yellow primer on new work: - 100 mm diameter pipes,Metre,57.2
A13.95.3,yellow primer on new work:,pipes and fittings with aluminium paint of approved brand and yellow primer on new work: - 150 mm diameter pipes,Metre,90.1
A13.96.1,and manufacture and required colour on old work:,"Painting (one or more coats) on rain water,soil waste and vent and manufacture and required colour on old work: - 75 mm diameter pipes",Metre,20.6
A13.96.2,and manufacture and required colour on old work:,"Painting (one or more coats) on rain water,soil waste and vent and manufacture and required colour on old work: - 100 mm diameter pipes",Metre,26.5
A13.96.3,and manufacture and required colour on old work:,"Painting (one or more coats) on rain water,soil waste and vent and manufacture and required colour on old work: - 150 mm diameter pipes",Metre,37.9
A13.97.1,and manufacture and required colour on old work:,Painting with oil type wood preservative of approved brand and - Old work (one or more coats),Sqm,34.6
A13.98.1,and manufacture and required colour on old work:,Wall painting with plastic emulsion paint of approved brand and manufacture to give an even shade: - One or more coats on old work,Sqm,79.7
A13.99.1,and manufacture and required colour on old work:,Painting with synthetic enamel paint of approved brand and manufacture of required colour to give an even shade : - One or more coats on old work,Sqm,75.5
A13.100.1,and manufacture and required colour on old work:,Painting with aluminium paint of approved brand and manufacture to give an even shade : - One or more coats on old work,Sqm,67.2
A13.101.1,and manufacture and required colour on old work:,Painting with acid proof paint of approved brand and manufacture of required colour to give an even shade : - One or more coats on old work,Sqm,81.8
A13.102.1,and manufacture and required colour on old work:,Painting with black anti-corrosive bitumastic paint of approved brand and manufacture to give an even shade : - One or more coats on old work,Sqm,64.4
A13.103.1,and manufacture and required colour on old work:,One or more coats on old work,Sqm,161.8
A13.104.1,and manufacture and required colour on old work:,Polishing on wood work with ready made wax polish of approved brand and manufacture : - Old work,Sqm,68.5
A13.107.1,and manufacture and required colour on old work:,Painting and fixing C.P. brass chain and rubber plug complete for sink or wash basin: - 32 mm dia,Each,92.4
A13.108.1,and manufacture and required colour on old work:,having VOC content less than 50 gm per ltr. Of approved manufacturer s specification. - One or more coats on old work,Sqm,45.2
A13.109.1,and manufacture and required colour on old work:,priming coat of primer applied @ 0.80 litres/10 sqm complete,Sqm,83.3
A13.109.2,and manufacture and required colour on old work:,Old work (one or more coats @ 2.20 kg/10 sqm) complete,Sqm,56.1
A13.110.1,and manufacture and required colour on old work:,Old work ( Two or more coats on existing cement paint surface - . .,Sqm,185.4
A13.110.2,and manufacture and required colour on old work:,Old work ( One or more coats) applied @ 1.82 lit/10 sqm),Sqm,113.6
A13.111.2,and manufacture and required colour on old work:,Old work (One or more coats applied @ 0.90 ltr/10 sqm).,Sqm,66.9
A13.112.1,and manufacture and required colour on old work:,silicon additives of required shade: Old work (Two or more coats applied @ 1.43 ltr/10 sqm) over - was .,Sqm,98.2
A13.112.2,and manufacture and required colour on old work:,Old work ( One or more coats applied @ 0.83 ltr/10 sqm).,Sqm,66.3
A13.113.1,and manufacture and required colour on old work:,existing cement paint surface. - One or more coats with copal varnish,Sqm,67.4
A13.113.2,and manufacture and required colour on old work:,One or more coats with Spar varnish,Sqm,67.9
A14.1.1,14.0 REPAIRS TO BUILDINGS,MF — With cement mortar 1:4 (1 cement: 4 fine sand),Sqm,402.0
A14.1.2,14.0 REPAIRS TO BUILDINGS,MF With cement mortar 1:4 (1 cement: 4 coarse sand),Sqm,443.6
A14.2.1,14.0 REPAIRS TO BUILDINGS,"including disposal of rubbish to the dumping ground, all complete as per direction of Engineeer-in-Charge - Door Chowkhats",Each,1312.8
A14.2.2,14.0 REPAIRS TO BUILDINGS,"including disposal of rubbish to the dumping ground, all complete as per direction of Engineeer-in-Charge - Window Chowkhats",Each,811.4
A14.2.3,14.0 REPAIRS TO BUILDINGS,"including disposal of rubbish to the dumping ground, all complete as per direction of Engineeer-in-Charge - Clerestory Window Chowkhats",Each,581.2
A14.3,14.0 REPAIRS TO BUILDINGS,vertical member of door chowkhat and 2 nos. on each vertical —,Each,221.2
A14.4.1,14.0 REPAIRS TO BUILDINGS,"i/c disposal of mulba/rubbish to the nearest municipal dumping ground, all complete as per direction of Engineer-in-Charge. - For door/ window/ clerestory window",Sqm,801.1
A14.6.1,14.0 REPAIRS TO BUILDINGS,came wn atte neki sn st fen | Float glass panes of nominal thickness 4 mm (weight not less than - 10 Kg/sqm),Sqm,1332.6
A14.6.2,14.0 REPAIRS TO BUILDINGS,Float glass panes of nominal thickness 4 mm (weight not less than Float glass panes of nominal thickness 5 mm (weight not less than - 12.5 kg/sqm),Sqm,1597.0
A14.10,14.0 REPAIRS TO BUILDINGS,Refixing old glass panes with putty and nails,Sqm,492.3
A14.11,14.0 REPAIRS TO BUILDINGS,Fixing old glass panes with wooden fillets (excluding cost of - fillets),Sqm,439.0
A14.12,14.0 REPAIRS TO BUILDINGS,"clamps to reinforcement bar, including cleaning, refilling,",Each,399.9
A14.17,14.0 REPAIRS TO BUILDINGS,"Raking out joints in lime or cement mortar and preparing the surface for re-pointing or replastering, including diaposal of - ; ; . .",Sqm,41.9
A14.18.1,14.0 REPAIRS TO BUILDINGS,Flush pointing with cement mortar 1:3 (1 cement : 3 fine sand) cement for flat tile bricks on top of mud phaska: - With F.P.S. brick tiles,Sqm,94.2
A14.18.2,14.0 REPAIRS TO BUILDINGS,Flush pointing with cement mortar 1:3 (1 cement : 3 fine sand) cement for flat tile bricks on top of mud phaska: - With modular brick tiles,Sqm,96.0
A14.19,14.0 REPAIRS TO BUILDINGS,nuts etc. and removing materials to any distance within,Kg,3.4
A14.22.1,14.0 REPAIRS TO BUILDINGS,Renewing Wrought Iron or M.S. Wheel or roller of steel door or and bolts/welding and erection etc. complete. - Wheel 50 mm dia. and below.,Each,177.4
A14.22.2,14.0 REPAIRS TO BUILDINGS,Renewing Wrought Iron or M.S. Wheel or roller of steel door or and bolts/welding and erection etc. complete. - Wheel above 50 mm dia.,Each,285.0
A14.24,14.0 REPAIRS TO BUILDINGS,Mud Mortar made with local clay good earth,Cum,904.6
A14.26.1.1,14.0 REPAIRS TO BUILDINGS,Superior class teak wood including nickel plated bright finished - : . :,Sqm,2509.6
A14.26.1.2,14.0 REPAIRS TO BUILDINGS,M.S. piano hinges with necessary screws Ist class teak wood including nickel plated bright finished M.S. - P . :,Sqm,2497.5
A14.26.2.1,14.0 REPAIRS TO BUILDINGS,piano hinges with necessary screws Superior class teak wood including nickel plated bright finished - : . :,Sqm,2364.9
A14.26.2.2,14.0 REPAIRS TO BUILDINGS,M.S. piano hinges with necessary screws First class teak wood including nickel plated bright finished M.S. - : . :,Sqm,2351.9
A14.27.1,14.0 REPAIRS TO BUILDINGS,"including bright or/and black enamelled M.S. butt hinges with be paid separtely), including fixing 50x12 mm beading complete - Second class teak wood",Sqm,2345.0
A14.28.1,14.0 REPAIRS TO BUILDINGS,Providing and fixing Brass curtain rods of wall thickness 1.25 mm etc. wherever necessary complete. - 20 mm diameter,Metre,338.9
A14.28.2,14.0 REPAIRS TO BUILDINGS,Providing and fixing Brass curtain rods of wall thickness 1.25 mm etc. wherever necessary complete. - 25 mm diameter,Metre,421.2
A14.29,14.0 REPAIRS TO BUILDINGS,required spacings in wooden frame of windows and clerestory,Kg,109.3
A14.31.1,14.0 REPAIRS TO BUILDINGS,Providing and fixing bright finished brass single acting spring hinges with necessary brass screws etc. complete - 150 mm,Each,778.2
A14.31.2,14.0 REPAIRS TO BUILDINGS,Providing and fixing bright finished brass single acting spring hinges with necessary brass screws etc. complete - 125 mm,Each,547.7
A14.31.3,14.0 REPAIRS TO BUILDINGS,Providing and fixing bright finished brass single acting spring hinges with necessary brass screws etc. complete - 100 mm,Each,490.1
A14.32.1,14.0 REPAIRS TO BUILDINGS,Providing and fixing bright finished brass double acting spring hinges with necessary brass screws etc. complete - 150 mm,Each,868.7
A14.32.2,14.0 REPAIRS TO BUILDINGS,Providing and fixing bright finished brass double acting spring hinges with necessary brass screws etc. complete - 125 mm,Each,737.0
A14.32.3,14.0 REPAIRS TO BUILDINGS,Providing and fixing bright finished brass double acting spring hinges with necessary brass screws etc. complete - 100 mm,Each,720.5
A14.33.1,14.0 REPAIRS TO BUILDINGS,"hinges with necessary brass screws etc. complete , necessary screws etc. complete - 250 mm",Each,275.6
A14.33.2,14.0 REPAIRS TO BUILDINGS,", necessary screws etc. complete - 150 mm",Each,239.8
A14.33.3,14.0 REPAIRS TO BUILDINGS,100 mm,Each,174.0
A14.34,14.0 REPAIRS TO BUILDINGS,"stopper with rubber cushion,necessary brass screws etc. to suit",Each,283.3
A14.35.1,14.0 REPAIRS TO BUILDINGS,shutter thickness complete - 300 mm,Each,104.4
A14.35.2,14.0 REPAIRS TO BUILDINGS,250 mm,Each,100.1
A14.35.3,14.0 REPAIRS TO BUILDINGS,200 mm,Each,89.6
A14.35.4,14.0 REPAIRS TO BUILDINGS,150 mm,Each,71.5
A14.35.5,14.0 REPAIRS TO BUILDINGS,100 mm,Each,62.4
A14.37,14.0 REPAIRS TO BUILDINGS,necessary screws etc. complete. Providing and fixing 300 mm long bright finished brass chain with - wae .,Each,75.2
A14.38,14.0 REPAIRS TO BUILDINGS,Providing and fixing bright finished brass quadrant stay 300mm,Each,197.0
A14.39,14.0 REPAIRS TO BUILDINGS,long with necessary brass screws etc. complete. Providing and fixing bright finished brass helical door spring - : :,Each,544.7
A14.40.1,14.0 REPAIRS TO BUILDINGS,(superior quality). Providing and fixing chromium plated brass butt hinges with - 125x70x4 mm (ordinary type),Each,201.1
A14.40.2,14.0 REPAIRS TO BUILDINGS,Providing and fixing chromium plated brass butt hinges with - 100x70x4 mm (ordinary type),Each,170.9
A14.40.3,14.0 REPAIRS TO BUILDINGS,75x65x4 mm (heavy type),Each,191.8
A14.40.4,14.0 REPAIRS TO BUILDINGS,75x40x2.5 mm (ordinary type),Each,112.2
A14.40.5,14.0 REPAIRS TO BUILDINGS,50x40x2.5 mm (ordinary type),Each,125.4
A14.41,14.0 REPAIRS TO BUILDINGS,"lock with necessary screws, nuts, bolts and washers etc.",Each,293.8
A14.72,14.0 REPAIRS TO BUILDINGS,"bracings, runners, connection with the building etc wherever",Sqm,227.3
A14.73,14.0 REPAIRS TO BUILDINGS,fasteners or pegs stay to windows/ventilators with necessary,Kg,577.2
A14.74,14.0 REPAIRS TO BUILDINGS,steel centre hung ventilators with necessary welding and,Each,321.2
A14.75,14.0 REPAIRS TO BUILDINGS,"white cement based polymer modified self curing mortar,",Sqm,528.0
A14.76,14.0 REPAIRS TO BUILDINGS,"of rubbish mixed with earth etc. and disposal of same, all as per",Each,63.9
A14.77,14.0 REPAIRS TO BUILDINGS,"including skilled operator, supervising engineer etc. for cleaning",Metre,281.9
A14.78,14.0 REPAIRS TO BUILDINGS,per direction of Engineer-in-Charge. The cleaning shall consist,Sqm,59.2
A14.79,14.0 REPAIRS TO BUILDINGS,including shifting at ground level as per direction of Engineeer-in:,Each,264.5
A14.80.1,14.0 REPAIRS TO BUILDINGS,"dismantled material i/c mulba, all complete as per direction of Engineer-in-Charge. - Long pattern W.C Pan of size 580x440 mm.",Each,2752.4
A14.80.2,14.0 REPAIRS TO BUILDINGS,Orissa pattern W.C Pan of size 580x440 mm,Each,3777.3
A14.81,14.0 REPAIRS TO BUILDINGS,pipe conforming BIS-12818 and making good the same etc.,Each,217.4
A14.82,14.0 REPAIRS TO BUILDINGS,materials i/c Malba all complete as per direction of Engineer-in-,Each,78.6
A14.83,14.0 REPAIRS TO BUILDINGS,Dismantling W.C Pan of all sizes including disposal of dismantled Hacking of CC flooring including cleaning for surface etc - was : .,Metre,2.0
A14.84,14.0 REPAIRS TO BUILDINGS,dismantled pipes (within 50 meters lead) as per direction of,Metre,3.3
A14.85,14.0 REPAIRS TO BUILDINGS,"door frames, including replacement of hinges with screws, etc as",Each,253.9
A14.86,14.0 REPAIRS TO BUILDINGS,centre core as 20 micron HMHDPE film sandwiched on both sides) =,sqm,669.9
A14.87,14.0 REPAIRS TO BUILDINGS,mixed and the polymeric mixed is protected on both side with 20,Sqm,459.5
A14.89.1,14.0 REPAIRS TO BUILDINGS,got done through the authorised applicator of the manufacturer of the membrane: - 2mm (for corrugated roof sheets),Sqm,455.9
A14.90.1,14.0 REPAIRS TO BUILDINGS,got done through the authorised applicator of the manufacturer of the membrane: - 3mm thick,Sqm,571.8
A14.91.1,14.0 REPAIRS TO BUILDINGS,shall be got done through the authorised applicator of the manufacturer of the membrane: - 3mm thick,Sqm,599.0
A14.92,14.0 REPAIRS TO BUILDINGS,the membrane with intermittent touch by heating the membrane,sqm,111.5
A14.93,14.0 REPAIRS TO BUILDINGS,"including necessary T&P like torch, Lathi and uniform etc.",Each,835.7
A14.94,14.0 REPAIRS TO BUILDINGS,"necessary T&P like torch, Lathi and uniform etc. complete as per",Each,969.5
A15.1,14.0 REPAIRS TO BUILDINGS,disposal of material within 50 metres lead as per direction of,Cum,491.1
A15.2.1,14.0 REPAIRS TO BUILDINGS,Nominal concrete 1:3:6 or richer mix (i/c equivalent design mix),Cum,1406.6
A15.2.2,14.0 REPAIRS TO BUILDINGS,Nominal concrete 1:4:8 or leaner mix (i/c equivalent design mix),Cum,867.4
A15.3,14.0 REPAIRS TO BUILDINGS,material within 50 metres lead as per direction of Engineer-in-,Cum,2052.1
A15.4,14.0 REPAIRS TO BUILDINGS,stacking of steel bars and disposal of unserviceable material),Cum,1833.7
A15.5,14.0 REPAIRS TO BUILDINGS,cross sectional area of R.C.C. or R.B. work) as per direction of,Sqm,780.0
A15.7.1,14.0 REPAIRS TO BUILDINGS,Demolishing brick work manually/ by mechanical means including stacking of serviceable material and disposal of unserviceable - In mud mortar,Cum,406.8
A15.7.2,14.0 REPAIRS TO BUILDINGS,Demolishing brick work manually/ by mechanical means including stacking of serviceable material and disposal of unserviceable - In lime mortar with old mughal bricks,Cum,1026.9
A15.7.3,14.0 REPAIRS TO BUILDINGS,Demolishing brick work manually/ by mechanical means including stacking of serviceable material and disposal of unserviceable - In lime mortar,Cum,491.1
A15.7.4,14.0 REPAIRS TO BUILDINGS,stacking of serviceable material and disposal of unserviceable - In cement mortar,Cum,1188.2
A15.8.1,14.0 REPAIRS TO BUILDINGS,Removing mortar from bricks and cleaning bricks including - 1000,Nos,2735.4
A15.8.2,14.0 REPAIRS TO BUILDINGS,Removing mortar from bricks and cleaning bricks including - From brick work in lime mortar 1000,Nos,3200.4
A15.8.3,From brick work in cement mortar,From brick work in cement mortar - 1000,Nos,4032.3
A15.9.1,From brick work in cement mortar,means including stacking of serviceable material and disposal of Engineer-in-Charge. - In lime mortar,Cum,668.7
A15.10.2,From brick work in cement mortar,work or precast concrete work manually/ by mechanical means material within 50 metres lead as per direction of Engineer-in- - In cement mortar,Cum,1658.7
A15.11.1,From brick work in cement mortar,‘Removing mortar from stones and cleaning stones and concrete | | | | | | - In lime mortar,Cum,282.7
A15.12.1,From brick work in cement mortar,"Dismantling doors, windows and clerestory windows (steel or wood) shutter including chowkhats, architrave, holdfasts etc. - Of area 3 sq. metres and below",Each,236.8
A15.13.1,From brick work in cement mortar,"wood) shutter including chowkhats, architrave, holdfasts etc. Taking out doors, windows and clerestory window shutters (steel - Of area 3 sq. metres and below",Each,90.0
A15.13.2,From brick work in cement mortar,"wood) shutter including chowkhats, architrave, holdfasts etc. Taking out doors, windows and clerestory window shutters (steel - Of area beyond 3 sq. metres",Each,119.4
A15.14.1,From brick work in cement mortar,Of sectional area 40 square centimetres and above,Cum,2853.8
A15.14.2,From brick work in cement mortar,Of sectional area below 40 square centimetres,Metre,11.4
A15.17.1,From brick work in cement mortar,“conse ain tat rn ts a_i sat fn sean Mh . and stacking within 50 metres lead in: - R.S. Joists,Cum,1.2
A15.17.2,From brick work in cement mortar,"“conse ain tat rn ts a_i sat fn sean Mh . and stacking within 50 metres lead in: - Channels, angles, tees and flats",Cum,1.5
A15.18,From brick work in cement mortar,"rivets, welding etc. including dismembering and stacking within",Kg,3.6
A15.19,From brick work in cement mortar,lead as per direction of Engineer-in-Charge.,Kg,2.3
A15.20,From brick work in cement mortar,for every additional span of one metre or part thereof beyond 10) kg /,metre,0.5
A15.21,From brick work in cement mortar,for every additional height of one metre or part thereof beyond 5 Kg /,metre,0.5
A15.23.1,From brick work in cement mortar,Extra for marking of structural steel work required to be re- . including stacking material within 50 metres lead. - For thickness of tiles 10 mm to 25 mm,Sqm,46.7
A15.23.2,From brick work in cement mortar,For thickness of tiles above 25 mm and upto 40 mm,Sqm,73.5
A15.25,From brick work in cement mortar,stacking of serviceable material and disposal of unserviceable,Sqm,154.4
A15.26,From brick work in cement mortar,serviceable material and disposal of unserviceable material,Sqm,68.2
A15.28.2,From brick work in cement mortar,"Dismantling roofing including ridges, hips valleys and gutters etc., and stacking the material within 50 metres lead of: - Asbestos Sheet",Sqm,47.9
A15.29,From brick work in cement mortar,separately) including stacking of serviceable material and,Cum,1543.8
A15.30,From brick work in cement mortar,serviceable material and disposal of unserviceable material,Sqm,147.2
A15.31,From brick work in cement mortar,including stacking of serviceable material and disposal of,Sqm,121.9
A15.33,From brick work in cement mortar,"Demolishing thatch roofing including mats, bamboo, jaffari etc. of unserviceable material within 50 metres lead. - “aps",Metre,12.1
A15.34.2,From brick work in cement mortar,"within 50 metres lead. Dismantling and stacking within 50 metres lead, fencing posts or - R.C.C.",Each,175.0
A15.35,From brick work in cement mortar,projection above the concrete or ground and stacking the same,Each,13.7
A15.36,From brick work in cement mortar,Dismantling barbed wire or flexible wire rope in fencing including,kg,21.2
A15.37,From brick work in cement mortar,stacking the serviceable material within 50 metres lead.,Sqm,39.0
A15.38,From brick work in cement mortar,battens and beading including stacking the serviceable material,Sqm,45.5
A15.39.1,From brick work in cement mortar,"within 50 metres lead. Dismantling wooden boardings in lining of walls and partitions, - ‘Upto 10 mm thick",Sqm,37.9
A15.39.2,From brick work in cement mortar,Thickness above 10 mm upto 25 mm,Sqm,48.4
A15.39.3,From brick work in cement mortar,‘Thickness above 25 mm upto 40 mm,Sqm,56.6
A15.40.1,From brick work in cement mortar,tea: | ee nal mmm mal me al mim mie walls etc. including stacking within 50 metres lead: | | | | | | - Thickness upto 40 mm,Sqm,171.0
A15.40.2,From brick work in cement mortar,tea: | ee nal mmm mal me al mim mie walls etc. including stacking within 50 metres lead: | | | | | | - Thickness above 40 mm upto 75 mm,Sqm,256.1
A15.41,From brick work in cement mortar,partition walls including stacking of serviceable materials and,Sqm,35.9
A15.42.1,From brick work in cement mortar,Dismantling C.I. or asbestos rain water pipe with fittings and - 75 to 80 mm dia pipe.,Metre,43.6
A15.42.2,From brick work in cement mortar,Dismantling C.I. or asbestos rain water pipe with fittings and - 100 mm dia pipe,Metre,45.1
A15.42.3,From brick work in cement mortar,Dismantling C.I. or asbestos rain water pipe with fittings and - 150 mm dia pipe,Metre,46.4
A15.43.1,From brick work in cement mortar,Dismantling manually/ by mechanical means including stacking of within 50 metres lead as per direction of Engineer-in-Charge. - Water bound macadam road,Sqm,128.6
A15.43.2,From brick work in cement mortar,Dismantling manually/ by mechanical means including stacking of within 50 metres lead as per direction of Engineer-in-Charge. - Bituminous road,Sqm,250.7
A15.44.1,From brick work in cement mortar,refilling trenches after taking out the pipes manually/ by lead as per direction of Engineer-in-Charge - 15 mm to 40 mm nominal bore,Metre,91.3
A15.44.2,From brick work in cement mortar,refilling trenches after taking out the pipes manually/ by lead as per direction of Engineer-in-Charge - Above 40 mm nominal bore,Metre,103.1
A15.45.1,From brick work in cement mortar,blocks including stacking of pipes and lead at site within 50 metre lead as per direction of Engineer-in-Charge. - Upto 150 mm diameter,Metre,273.0
A15.45.2,From brick work in cement mortar,blocks including stacking of pipes and lead at site within 50 metre lead as per direction of Engineer-in-Charge. - Above 150 mm dia upto 300 mm dia.,Metre,356.8
A15.45.3,From brick work in cement mortar,blocks including stacking of pipes and lead at site within 50 metre lead as per direction of Engineer-in-Charge. - Above 300 mm diameter,Metre,458.1
A15.46.1,From brick work in cement mortar,"and making into blocks including stacking of pipes, lead at site within 50 metres lead as per direction of Engineer-in-Charge: - Upto 600 mm diameter",Metre,427.5
A15.46.2,From brick work in cement mortar,"and making into blocks including stacking of pipes, lead at site within 50 metres lead as per direction of Engineer-in-Charge: - Above 600 mm diameter",Metre,1081.4
A15.47.1,From brick work in cement mortar,mechanical means and stacking the pipes within 50 metres lead as per direction of Engineer-in-Charge - Upto 150 mm diameter,Metre,191.2
A15.47.2,From brick work in cement mortar,mechanical means and stacking the pipes within 50 metres lead as per direction of Engineer-in-Charge - Above 150 mm diameter,Metre,232.3
A15.48,From brick work in cement mortar,manholes of various sizes including demolishing of R.C.C. work manually/ by mechanical means and stacking of useful materials - : . . . .,Each,413.1
A15.50,From brick work in cement mortar,"‘Dismantling of R.C.C. spun vent shaft including excavating the | | | | | | cement concrete pit completely, taking out the shaft, refilling - : : ;",Each,2832.0
A15.51,From brick work in cement mortar,site and disposal of unserviceable materials into municipal dumps,Each,775.1
A15.52,From brick work in cement mortar,China) including stacking of useful materials near the site and,Each,594.2
A15.53.1,From brick work in cement mortar,disposal of unserviceable materials within 50 metres lead. Dismantling of C.l. sluice valve including stacking of useful - Upto 150 mm diameter,Each,214.2
A15.53.2,From brick work in cement mortar,disposal of unserviceable materials within 50 metres lead. Dismantling of C.l. sluice valve including stacking of useful - ‘Above 150 mm diameter,Each,763.3
A15.54,From brick work in cement mortar,Dismantling of C.l. sluice valve including stacking of useful Ass awrisitinomecer tase Gach at) ast4nasigo ary asta) toning) ago tan) 60 nyt - : ais,Each,461.6
A15.55.1,From brick work in cement mortar,Dismantling of cement concrete platform along with curtain walls near the site and disposal of unserviceable materials within 50 - 120 x 120 cm (outside to outside),Each,636.9
A15.55.3,From brick work in cement mortar,Dismantling of cement concrete platform along with curtain walls near the site and disposal of unserviceable materials within 50 - 320 x 120 cm (outside to outside),Each,1382.6
A15.56,From brick work in cement mortar,the surface for plaster including disposal of rubbish to the,Sqm,31.6
A15.57,From brick work in cement mortar,material and stacking of serviceable material with in 50 meters,Sqm,35.9
A15.58,From brick work in cement mortar,"lead of 1 kilometre,, staking of seviceable and unservicable| =",Cum,1905.9
A15.59,From brick work in cement mortar,mechanical means and disposal of dismantled material upto a =,Cum,270.1
A16.70.1,16.0 ROAD WORKS,width in mesh size 50x50 mm including strengthening with 2 mm the direction of Engineer-in-Charge. - Made of G.I wire of dia 4mm,Sqm,809.0
A16.70.2,16.0 ROAD WORKS,"the direction of Engineer-in-Charge. ‘Made of G.I wire of dia 4 mm , PVC coated to achieve outer dia - : :",Sqm,842.0
A16.71,16.0 ROAD WORKS,"including strengthening with 2 mm dia wire or nuts, bolts and",Sqm,896.0
A16.84,16.0 ROAD WORKS,"sand, filling the joints with fine sand etc. all complete as per the",Sqm,290.0
A16.91.1,16.0 ROAD WORKS,Meor1 Specs desupancpatem SM “OM RGD ssn HOLG0 HIS Ison SAGO Yam.OY 400 HLGD_n09 YD.,Sqm,880.0
A16.91.2,16.0 ROAD WORKS,Meera Specs desunancpatem SM HB6M|HTORGO HERG De-GO1HOA eGo aEGO_ 1550009 BnGO__s8HL00 1707.0,Sqm,1188.0
A17.1.1,17.0 SANITARY INSTALLATIONS,the walls and floors wherever required. Amt mimegatpetateaa MOM easy sna sans0 sara roscoe easy siss0|esmon_stenco saan ens9 eras - tah:,Each,5867.3
A17.1.2,17.0 SANITARY INSTALLATIONS,with integral type foot rests Stainless Steel AISI-304(18/8) Orissa pattern W.C. pan of size - . . .,Each,11300.2
A17.2.1,17.0 SANITARY INSTALLATIONS,W.C. pan with ISI marked white solid plastic seat and lid,Each,5669.8
A17.2.2,17.0 SANITARY INSTALLATIONS,W.C. pan with ISI marked black solid plastic seat and lid,Each,5521.6
A17.3.1,17.0 SANITARY INSTALLATIONS,W.C. pan with ISI marked white solid plastic seat and lid,Each,7352.4
A17.3.2,17.0 SANITARY INSTALLATIONS,W.C. pan with ISI marked Black solid plastic seat and lid.,Each,7204.3
A17.4.1,17.0 SANITARY INSTALLATIONS,floors wherever required : One urinal basin with 5 litre white P.V.C. automatic flushing - cistern,Each,5165.7
A17.4.2,17.0 SANITARY INSTALLATIONS,One urinal basin with 5 litre white P.V.C. automatic flushing Range of two urinal basins with 5 litre white P.V.C. automatic - flushing cistern,Each,7979.0
A17.4.3,17.0 SANITARY INSTALLATIONS,Range of two urinal basins with 5 litre white P.V.C. automatic Range of three urinal basins with 10 litre white P.V.C. automatic - flushing cistern,Each,10986.4
A17.4.4,17.0 SANITARY INSTALLATIONS,Range of four urinal basins with 10 litre white P.V.C. automatic - flushing cistern,Each,15088.0
A17.5.1,17.0 SANITARY INSTALLATIONS,and making good the walls and floors wherever required: Single half stall urinal with 5 litre P.V.C. automatic flushing - cistern,Each,9207.7
A17.5.2,17.0 SANITARY INSTALLATIONS,Single half stall urinal with 5 litre P.V.C. automatic flushing Range of two half stall urinals with 5 litre P.V.C. automatic - flushing cistern,Each,13821.7
A17.5.3,17.0 SANITARY INSTALLATIONS,Range of two half stall urinals with 5 litre P.V.C. automatic Range of Three half stall urinals with 10 litre P.V.C. automatic - flushing cistern,Each,17271.0
A17.5.4,17.0 SANITARY INSTALLATIONS,Range of Three half stall urinals with 10 litre P.V.C. automatic Range of Four half stall urinals with 10 litre P.V.C. automatic - flushing cistern,Each,20541.4
A17.6.1,17.0 SANITARY INSTALLATIONS,good the walls and floors etc. wherever required : Single squatting plate with 5 litre P.V.C. automatic flushing - cistern,Each,7263.7
A17.6.2,17.0 SANITARY INSTALLATIONS,Single squatting plate with 5 litre P.V.C. automatic flushing ‘Range of two squatting plates with 5 litre P.V.C. automatic | | | | | | - flushing cistern,Each,10768.5
A17.6.3,17.0 SANITARY INSTALLATIONS,‘Range of two squatting plates with 5 litre P.V.C. automatic | | | | | | ‘Range of three squatting plate with 10 litre P.V.C. automatic | | | | | | - flushing cistern,Each,14307.1
A17.6.4,17.0 SANITARY INSTALLATIONS,‘Range of three squatting plate with 10 litre P.V.C. automatic | | | | | | ‘Range of four squatting plate with 10 litre P.V.C. automatic | | | | | | - flushing cistern,Each,17369.5
A17.7.1,17.0 SANITARY INSTALLATIONS,White vitreous china basin size 630X450 mm with a pair of 15 mm,Each,3403.6
A17.7.2,17.0 SANITARY INSTALLATIONS,White Vitreoud China Wash basin size 630X450 mm with a single,Each,3010.6
A17.7.3,17.0 SANITARY INSTALLATIONS,White Vitreous China Wash basin size 550x400 mm with a pair of,Each,2621.6
A17.7.4,17.0 SANITARY INSTALLATIONS,White Vitreous China Flat back wash basin size 550x400 mm with - : F,Each,2228.6
A17.7.5,17.0 SANITARY INSTALLATIONS,single 15 mm C.P. brass pillar tap White Vitreous China Angle back wash basin size 600x480 mm - seh cs :,Each,3010.6
A17.7.6,17.0 SANITARY INSTALLATIONS,with single 15 mm C.P.brass pillar tap White Vitreous China Angle back wash basin size 400x400 mm - seh cs :,Each,2516.7
A17.7.7,17.0 SANITARY INSTALLATIONS,with single 15 mm C.P.brass pillar tap White Vitreous China Flat back wash basin size 450x300 mm with - : :,Each,2327.4
A17.7.8,17.0 SANITARY INSTALLATIONS,mm with a pair of 15 mm C.P. brass pillar taps with elbow,Each,4590.6
A17.7.9,17.0 SANITARY INSTALLATIONS,mm with single 15 mm C.P. brass pillar taps with elbow operated,Each,3830.5
A17.7.10,17.0 SANITARY INSTALLATIONS,Stainless Steel AISI-304(18/8) Round basin 405x355mm with single,Each,4286.5
A17.7.11,17.0 SANITARY INSTALLATIONS,Stainless Steel AISI-304(18/8) Wash basin 530x345 mm with single,Each,5109.7
A17.8,17.0 SANITARY INSTALLATIONS,completely recessed at the back for the reception of pipes and,Each,1747.5
A17.10.1.1,17.0 SANITARY INSTALLATIONS,as per I.S. 13983 with C.I. brackets and stainless steel plug 40 making good the walls wherever required : - 510x1040mm bowl depth 250 mm,Each,5856.5
A17.10.1.2,17.0 SANITARY INSTALLATIONS,as per I.S. 13983 with C.I. brackets and stainless steel plug 40 making good the walls wherever required : - 510x1040mm bowl depth 225 mm,Each,6712.6
A17.10.1.3,17.0 SANITARY INSTALLATIONS,as per I.S. 13983 with C.I. brackets and stainless steel plug 40 making good the walls wherever required : - 510x1040mm bowl depth 200 mm,Each,6383.3
A17.10.1.4,17.0 SANITARY INSTALLATIONS,making good the walls wherever required : - 510x1040mm bowl depth 178 mm,Each,5889.4
A17.10.2.2,17.0 SANITARY INSTALLATIONS,610x460mm bowl depth 200 mm,Each,3150.4
A17.10.2.3,17.0 SANITARY INSTALLATIONS,470x420mm bowl depth 178 mm,Each,2903.4
A17.11.1,17.0 SANITARY INSTALLATIONS,"complete, including painting of fittings and brackets, cutting and making good the wall wherever required : - Size 450x300x150mm",Each,4742.4
A17.11.2,17.0 SANITARY INSTALLATIONS,"complete, including painting of fittings and brackets, cutting and making good the wall wherever required : - Size 600x450x200mm",Each,6388.7
A17.12.1,17.0 SANITARY INSTALLATIONS,White glazed fire clay draining board of size 600x450x25mm,Each,1512.4
A17.13.2,17.0 SANITARY INSTALLATIONS,Orissa pattern W.C. pan of size 580x440 mm,Each,2833.5
A17.14.1,17.0 SANITARY INSTALLATIONS,Providing and fixing white vitreous china water closet squatting - Orissa pattern W.C. pan 580x440 mm,Each,1037.2
A17.16,17.0 SANITARY INSTALLATIONS,with low level cistern of same colour instead of white vitreous,Each,321.0
A17.17.1,17.0 SANITARY INSTALLATIONS,Providing and fixing a pair of white vitreous china foot rests of AYA7 | _Sngrpaten rong pn water ce - 250x130x30 mm,Each,220.8
A17.17.2,17.0 SANITARY INSTALLATIONS,Providing and fixing a pair of white vitreous china foot rests of AYA7 | _Sngrpaten rong pn water ce - 250x125x25 mm,Each,220.8
A17.18.1,17.0 SANITARY INSTALLATIONS,"Providing and fixing P.V.C. low level flushing cistern witn 7231, with all fittings and fixtures complete. - 10 litre capacity - White",Each,1139.0
A17.18.2,17.0 SANITARY INSTALLATIONS,"7231, with all fittings and fixtures complete. - 10 litre capacity - coloured",Each,1097.8
A17.19.1,17.0 SANITARY INSTALLATIONS,"Providing and fixing controlled flush, low level cistern made of - 10 litre (full flush) capacity-white",Each,1921.7
A17.19.2,17.0 SANITARY INSTALLATIONS,"Providing and fixing controlled flush, low level cistern made of - 10 litre (full flush) capacity-coloured",Each,2662.6
A17.20.1,17.0 SANITARY INSTALLATIONS,Providing and fixing solid plastic seat with lid for pedestal type - White solid plastic seat with lid,Each,658.5
A17.20.2,17.0 SANITARY INSTALLATIONS,Providing and fixing solid plastic seat with lid for pedestal type - Black solid plastic seat with lid,Each,510.4
A17.20.3,17.0 SANITARY INSTALLATIONS,Coloured (other than black 7 white) solid plastic seat with lid,Each,642.1
A17.22,17.0 SANITARY INSTALLATIONS,Providing and fixing G. I. inlet connection for flush pipe - connecting with W.C. pan.,Each,98.8
A17.23,17.0 SANITARY INSTALLATIONS,type lipped front urinal basin of 430x260x350mm and 340x410x,Each,1342.0
A17.24,17.0 SANITARY INSTALLATIONS,265mm sizes respectively. Providing and fixing white vitreous china squatting plate urinal - ahs . teas .,Each,3307.7
A17.25.1,17.0 SANITARY INSTALLATIONS,with integral rim longitudinal flush pipe. Providing and fixing white vitreous china wash basin including - Flat back wash basin of size 630x450mm.,Each,1370.8
A17.25.2,17.0 SANITARY INSTALLATIONS,Providing and fixing white vitreous china wash basin including - Flat back wash basin of size 550x400mm.,Each,588.8
A17.25.3,17.0 SANITARY INSTALLATIONS,Angle back wash basin of size 600x480mm.,Each,1370.8
A17.25.4,17.0 SANITARY INSTALLATIONS,Angle back wash basin of size 400x400mm.,Each,876.9
A17.25.5,17.0 SANITARY INSTALLATIONS,Flat back wash basin of size 450x300mm.,Each,687.6
A17.25.6,17.0 SANITARY INSTALLATIONS,Surgeon type wash basin of size 660x460mm.,Each,1823.5
A17.26.1,17.0 SANITARY INSTALLATIONS,White glazed fire clay sink of size 600x450x250 mm.,Each,2245.4
A17.27.1,17.0 SANITARY INSTALLATIONS,Providing and fixing white vitreous china laboratory sink including - Size 450x300x150 mm.,Each,2602.6
A17.27.2,17.0 SANITARY INSTALLATIONS,Providing and fixing white vitreous china laboratory sink including - Size 600x450x200 mm.,Each,4249.0
A17.28.1.2,17.0 SANITARY INSTALLATIONS,Providing and fixing P.V.C. waste pipe for sink or wash basin Arras inn ic wate tng conpt - 40 mm dia,Each,54.3
A17.28.2.1,17.0 SANITARY INSTALLATIONS,Providing and fixing P.V.C. waste pipe for sink or wash basin Arras inn ic wate tng conpt - 32 mm dia,Each,57.6
A17.28.2.2,17.0 SANITARY INSTALLATIONS,Providing and fixing P.V.C. waste pipe for sink or wash basin Arras inn ic wate tng conpt - 40 mm dia,Each,57.6
A17.31,17.0 SANITARY INSTALLATIONS,ground fixed to wooden cleats with C.P. brass screws and,Each,1281.0
A17.32.1,17.0 SANITARY INSTALLATIONS,Providing and fixing mirror of superior glass (of approved quality) and of required shape and size with plastic moulded frame of - Circular shape 450mm dia.,Each,1306.1
A17.32.2,17.0 SANITARY INSTALLATIONS,Providing and fixing mirror of superior glass (of approved quality) and of required shape and size with plastic moulded frame of - Rectangular shape 453x357mm dia.,Each,1156.3
A17.32.3,17.0 SANITARY INSTALLATIONS,Providing and fixing mirror of superior glass (of approved quality) and of required shape and size with plastic moulded frame of - Oval shape 450x350mm (outer dimensions),Each,1236.7
A17.32.4,17.0 SANITARY INSTALLATIONS,Providing and fixing mirror of superior glass (of approved quality) and of required shape and size with plastic moulded frame of - Rectangular shape 1500x450 mm,Each,1976.2
A17.33,17.0 SANITARY INSTALLATIONS,"brackets and guard rail complete fixed with 40mm long screws,",Each,864.2
A17.34.2,17.0 SANITARY INSTALLATIONS,"supported on anodised aluminium angle frame with C.P. brass rawl plugs etc., complete - Vitreous china",Each,410.7
A17.35.2.3,17.0 SANITARY INSTALLATIONS,Av79823 Ge sing MOPHRepayeneenss Seam) 10670 R60 to] L200 NHL Iso HEI 9.,Each,1036.7
A17.36.2,17.0 SANITARY INSTALLATIONS,"Scomte oan tas sn a_i cis Tn) Providing and filling the joints with spun yarn, cement slurry and - 100 mm dia pipe",Each,133.6
A17.37.1,17.0 SANITARY INSTALLATIONS,cement concrete blocks 10x10x10cm of 1:2:4 mix (1 cement : 2 including cost of cutting holes and making good the walls etc. : - For 100 mm dia. pipe,Each,269.2
A17.37.2,17.0 SANITARY INSTALLATIONS,cement concrete blocks 10x10x10cm of 1:2:4 mix (1 cement : 2 including cost of cutting holes and making good the walls etc. : - For 75 mm dia pipe,Each,264.3
A17.38.1.1,17.0 SANITARY INSTALLATIONS,"Ay738 ari nberwaber omic boteanseenp , insertion rubber washer 3 mm thick, bolts and nuts complete. - ‘Sand cast iron S&S as per IS - 1729",Each,568.1
A17.38.1.2,17.0 SANITARY INSTALLATIONS,"Ay738 ari nberwaber omic boteanseenp , insertion rubber washer 3 mm thick, bolts and nuts complete. - Sand Cast iron S&S as per IS-3989",Each,568.1
A17.38.1.3,17.0 SANITARY INSTALLATIONS,", insertion rubber washer 3 mm thick, bolts and nuts complete. ‘Hubless centrifugally cast (spun) iron epoxy coated inside and | | | | | | - outside as per IS-15905",Each,675.1
A17.38.2.1,17.0 SANITARY INSTALLATIONS,‘Hubless centrifugally cast (spun) iron epoxy coated inside and | | | | | | - Sand cast iron S&S as per IS - 1729,Each,457.0
A17.38.2.2,17.0 SANITARY INSTALLATIONS,‘Hubless centrifugally cast (spun) iron epoxy coated inside and | | | | | | - Sand cast iron S&S as per IS-3989,Each,473.5
A17.39.1.1,17.0 SANITARY INSTALLATIONS,Hubless centrifugally cast (spun) iron epoxy coated inside and - Sand cast iron S&S as per IS-1729,Each,469.3
A17.39.1.2,17.0 SANITARY INSTALLATIONS,Hubless centrifugally cast (spun) iron epoxy coated inside and - ‘Sand Cast iron S&S as per IS-3989,Each,480.8
A17.39.2.1,17.0 SANITARY INSTALLATIONS,Hubless centrifugally cast (spun) iron pipe epoxy coated inside - Sand cast iron S&S as per IS-1729,Each,381.3
A17.39.2.2,17.0 SANITARY INSTALLATIONS,Hubless centrifugally cast (spun) iron pipe epoxy coated inside - Sand cast iron S&S as per IS-3989,Each,356.6
A17.39.2.3,17.0 SANITARY INSTALLATIONS,Hubless centrifugally cast (spun) iron pipe epoxy coated inside ‘Hubless centrifugally cast (spun) iron pipes epoxy coated inside | | | | | | - and outside 1.S-15905,Each,298.9
A17.40.1.2,17.0 SANITARY INSTALLATIONS,‘Hubless centrifugally cast (spun) iron pipes epoxy coated inside | | | | | | - Sand cast iron S&S as per IS-3989,Each,531.8
A17.40.2.1,17.0 SANITARY INSTALLATIONS,‘Hubless centrifugally cast (spun) iron pipes epoxy coated inside | | | | | | - Sand cast iron S&S as per IS-1729,Each,486.6
A17.40.2.2,17.0 SANITARY INSTALLATIONS,‘Hubless centrifugally cast (spun) iron pipes epoxy coated inside | | | | | | - ‘Sand Cast Iron S&S as per I.S-3989,Each,447.1
A17.41.1.1,17.0 SANITARY INSTALLATIONS,Sand cast iron S&S as per I.S-1729,Each,1250.9
A17.41.1.2,17.0 SANITARY INSTALLATIONS,‘Sand cast iron S&S as per I.S-3989,Each,1086.2
A17.41.2.2,17.0 SANITARY INSTALLATIONS,Sand Cast Iron S&S as per IS-3989,Each,852.1
A17.42.1.1,17.0 SANITARY INSTALLATIONS,Providing and fixing double equal plain junction of required | | | | | | - Sand cast iron S&S as per IS- 1729,Each,1015.9
A17.42.1.2,17.0 SANITARY INSTALLATIONS,‘Sand Cast iron S&S as per IS-3989,Each,1065.2
A17.42.2.2,17.0 SANITARY INSTALLATIONS,Hubless centrifugally cast (spun) iron pipes epoxy coated inside & - Sand cast iron S&S as per IS-3989,Each,796.1
A17.42.2.3,17.0 SANITARY INSTALLATIONS,‘Hubless centrifugally cast (spun) iron pipes epoxy coated inside & | | | | | | - outside 1.$-15905,Each,488.3
A17.43.1.2,17.0 SANITARY INSTALLATIONS,bolts and nuts complete. - Sand cast iron S&S as per IS-3989,Each,889.1
A17.43.2.1,17.0 SANITARY INSTALLATIONS,bolts and nuts complete. - Sand cast iron S&S as per IS-1729,Each,588.7
A17.43.2.2,17.0 SANITARY INSTALLATIONS,Sand cast ironS&S as per IS-3989,Each,676.0
A17.44.1.2,17.0 SANITARY INSTALLATIONS,Providing and fixing single equal plain junction of required - Sand cast iron S&S as per I.S-3989,Each,821.6
A17.44.1.3,17.0 SANITARY INSTALLATIONS,‘Hubless centrifugally cast (spun) iron pipes epoxy coated inside & | | | | | | - outside 1.$-15905,Each,703.0
A17.44.2.1,17.0 SANITARY INSTALLATIONS,‘Hubless centrifugally cast (spun) iron pipes epoxy coated inside & | | | | | | - Sand cast iron S&S as per IS-1729,Each,493.2
A17.45.1.1,17.0 SANITARY INSTALLATIONS,Providing and fixing double unequal junction of required degree - Sand cast iron S&S as per IS-1729,Each,1226.6
A17.45.1.2,17.0 SANITARY INSTALLATIONS,Providing and fixing double unequal junction of required degree - Sand cast iron S&S as per IS-3989,Each,1473.5
A17.46.1.1,17.0 SANITARY INSTALLATIONS,Providing and fixing double unequal plain junction of required - Sand cast iron S&S as per IS-1729,Each,1057.0
A17.46.1.2,17.0 SANITARY INSTALLATIONS,Providing and fixing double unequal plain junction of required - ‘Sand Cast Iron S&S as per |S-3989,Each,1361.6
A17.46.1.3,17.0 SANITARY INSTALLATIONS,Hubless centrifugally cast (spun) iron pipes epoxy coated inside &,Each,703.0
A17.47.1.1,17.0 SANITARY INSTALLATIONS,outside |.S-15905 Providing and fixing single unequal junction of required degree - Sand cast iron S&S as per IS-1729,Each,979.6
A17.47.1.2,17.0 SANITARY INSTALLATIONS,outside |.S-15905 Providing and fixing single unequal junction of required degree - Sand cast iron S&S as per IS-3989,Each,1127.8
A17.48.1.1,17.0 SANITARY INSTALLATIONS,Providing and fixing single unequal piain junction of required - Sand cast iron S&S as per IS-1729,Each,857.8
A17.48.1.2,17.0 SANITARY INSTALLATIONS,Providing and fixing single unequal piain junction of required - Sand cast iron S&S as per IS-3989,Each,982.9
A17.48.1.3,17.0 SANITARY INSTALLATIONS,Hubless centrifugally cast (spun) iron pipes epoxy coated inside &,Each,661.9
A17.49.1.1,17.0 SANITARY INSTALLATIONS,outside |.S-15905 Providing and fixing double equal plain invert branch of required - Sand cast iron S&S as per IS-1729,Each,950.0
A17.49.1.2,17.0 SANITARY INSTALLATIONS,outside |.S-15905 Providing and fixing double equal plain invert branch of required - Sand cast iron S&S as per IS-3989,Each,917.1
A17.49.1.3,17.0 SANITARY INSTALLATIONS,Hubless centrifugally cast (spun) iron pipes epoxy coated inside &,Each,1073.5
A17.49.2.1,17.0 SANITARY INSTALLATIONS,Hubless centrifugally cast (spun) iron pipes epoxy coated inside & outside |.S-15905 - Sand cast iron S&S as per IS-1729,Each,710.5
A17.49.2.2,17.0 SANITARY INSTALLATIONS,Hubless centrifugally cast (spun) iron pipes epoxy coated inside & outside |.S-15905 - Sand cast iron S&S as per IS-3989,Each,735.2
A17.50.1.1,17.0 SANITARY INSTALLATIONS,Providing and fixing single equal plain invert branch of required - Sand cast iron S&S as per IS-1729,Each,719.5
A17.50.1.2,17.0 SANITARY INSTALLATIONS,Providing and fixing single equal plain invert branch of required - Sand Cast Iron S&S as per IS-3989,Each,744.2
A17.50.1.3,17.0 SANITARY INSTALLATIONS,"AY7SO43 rage sigan NN MSNPPRCIDGINGSIINS'S cach 56, gtr) sanso. ars) et4sn)_ih79 span) an.307OSan)7oN60_ sh) _e7. 0",Each,686.6
A17.50.2.2,17.0 SANITARY INSTALLATIONS,"AY7SO43 rage sigan NN MSNPPRCIDGINGSIINS'S cach 56, gtr) sanso. ars) et4sn)_ih79 span) an.307OSan)7oN60_ sh) _e7. 0 outside |.S-15905 - Sand cast iron S&S as per IS-3989",Each,567.3
A17.50.2.3,17.0 SANITARY INSTALLATIONS,‘Hubless centrifugally cast (spun) iron pipes epoxy coated inside & | | | | | |,Each,463.6
A17.51.1.1,17.0 SANITARY INSTALLATIONS,‘Hubless centrifugally cast (spun) iron pipes epoxy coated inside & | | | | | | outside |.S-15905 - Sand cast iron S&S as per IS-1729,Each,982.9
A17.52.1.2,17.0 SANITARY INSTALLATIONS,Providing and fixing single unequal plain invert branch of - Sand Cast Iron S&S as per IS-3989,Each,941.8
A17.52.1.3,17.0 SANITARY INSTALLATIONS,‘Hubless centrifugally cast (spun) iron pipes epoxy coated inside & | | | | | |,Each,752.4
A17.53.1.2,17.0 SANITARY INSTALLATIONS,outside |.S-15905 poms | SERCO wm | reel nl tee mie nln] tonne) el - With 100 mm dia. pipe,Each,633.1
A17.53.2.1,17.0 SANITARY INSTALLATIONS,poms | SERCO wm | reel nl tee mie nln] tonne) el Ansa tamotwe eee eee eee - With 75 mm dia. pipe,Each,538.4
A17.53.3.2,17.0 SANITARY INSTALLATIONS,poms | SERCO wm | reel nl tee mie nln] tonne) el Ansa tamotwe eee eee eee - With 100 mm dia. pipe,Each,808.2
A17.54.1.1,17.0 SANITARY INSTALLATIONS,ATTA ted nie Us pe . coated inside & outside as per IS-15905 - With 75 mm dia. pipe,Each,406.0
A17.54.2.1,17.0 SANITARY INSTALLATIONS,Aina tomate eee eee eee - With 75 mm dia. pipe,Each,522.3
A17.55.1.1,17.0 SANITARY INSTALLATIONS,". thick, bolts & nuts complete - Sand cast iron S&S as per IS-1729",Each,856.2
A17.55.2.2,17.0 SANITARY INSTALLATIONS,". thick, bolts & nuts complete - Sand Cast Iron S&S as per IS-3989",Each,720.4
A17.56.1.2,17.0 SANITARY INSTALLATIONS,AinsePoingandtnngiomintgace eee ee eee - Sand cast iron S&S as per IS 3989,Each,479.1
A17.56.1.3,17.0 SANITARY INSTALLATIONS,AinsePoingandtnngiomintgace eee ee eee ‘Hubless centrifugally cast (spun) iron epoxy coated inside and | | | | | | - outside as per IS 15905,Each,489.0
A17.56.2.1,17.0 SANITARY INSTALLATIONS,AinsePoingandtnngiomintgace eee ee eee ‘Hubless centrifugally cast (spun) iron epoxy coated inside and | | | | | | - Sand cast iron S&S as per IS 1729,Each,350.0
A17.57.1.1,17.0 SANITARY INSTALLATIONS,‘Hubless centrifugally cast (spun) iron epoxy coated inside and | | | | | | - Sand cast iron S&S as per IS 1729,Each,449.5
A17.57.2.2,17.0 SANITARY INSTALLATIONS,Sand cast iron S&S as per IS 3989,Each,315.4
A17.58.1,17.0 SANITARY INSTALLATIONS,Providing lead caulked joints to sand cast iron/centrifugally cast Ar7st__punin pean figs amet - 100 mm,Each,514.1
A17.58.2,17.0 SANITARY INSTALLATIONS,Providing lead caulked joints to sand cast iron/centrifugally cast Ar7st__punin pean figs amet - ‘75 mm,Each,439.1
A17.58.3,17.0 SANITARY INSTALLATIONS,Providing lead caulked joints to sand cast iron/centrifugally cast Ar7st__punin pean figs amet - 50 mm,Each,358.0
A17.59.2,17.0 SANITARY INSTALLATIONS,Providing and fixing M.S. stays and clamps for sand cast iron/ | | | | | | - 75 mm,Each,96.4
A17.59.3,17.0 SANITARY INSTALLATIONS,Providing and fixing M.S. stays and clamps for sand cast iron/ | | | | | | - 50 mm,Each,88.9
A17.60.1.1,17.0 SANITARY INSTALLATIONS,Providing and fixing trap of self cleansing design with screwed including cost of cutting and making good the walls and floors - Sand cast iron S&S as per IS 3989,Each,1554.7
A17.60.1.2,17.0 SANITARY INSTALLATIONS,Providing and fixing trap of self cleansing design with screwed including cost of cutting and making good the walls and floors - Sand Cast Iron S&S as per IS 1729,Each,1260.0
A17.60.2.2,17.0 SANITARY INSTALLATIONS,including cost of cutting and making good the walls and floors Hubless centrifugally cast (spun) iron epoxy coated inside and - Sand Cast Iron S&S as per IS 1729,Each,1172.7
A17.60.2.3,17.0 SANITARY INSTALLATIONS,Hubless centrifugally cast (spun) iron epoxy coated inside and ‘Hubless centrifugally cast (spun) iron epoxy coated inside and | | | | | | - outside as per IS 15905,Each,678.4
A17.61.1,17.0 SANITARY INSTALLATIONS,same with cement concrete 1:3:6 ( 1 cement :3 coarse sand 6 necessary plaster and pointing in cement mortar 1:4 (1 cement 4 - 100 mm dia,Each,531.6
A17.61.3,17.0 SANITARY INSTALLATIONS,same with cement concrete 1:3:6 ( 1 cement :3 coarse sand 6 necessary plaster and pointing in cement mortar 1:4 (1 cement 4 - 50 mm dia,Each,241.0
A17.62,17.0 SANITARY INSTALLATIONS,primer (of approved quality ) on the outside surface of the,Each,703.4
A17.63,17.0 SANITARY INSTALLATIONS,"the cistern, flush pipe, other fittings, etc. complete including",Each,493.2
A17.64,17.0 SANITARY INSTALLATIONS,colour brand and manufacture on the outside surface of cistern,Each,209.2
A17.65.1,17.0 SANITARY INSTALLATIONS,vent pipes and fittings with two coats of synthetic enamel paint primer (of approved quality) for new work - 100 mm diameter pipe,Each,61.7
A17.65.2,17.0 SANITARY INSTALLATIONS,vent pipes and fittings with two coats of synthetic enamel paint primer (of approved quality) for new work - 75 mm diameter pipe,Each,47.1
A17.66.1,17.0 SANITARY INSTALLATIONS,"Repainting sand cast iron/centrifugally cast iron (spun) iron, soil, paint of any colour such as chocolate, grey or buff etc - 100 mm diameter pipe",Each,30.1
A17.66.2,17.0 SANITARY INSTALLATIONS,"Repainting sand cast iron/centrifugally cast iron (spun) iron, soil, paint of any colour such as chocolate, grey or buff etc - 75 mm diameter pipe",Each,22.6
A17.67,17.0 SANITARY INSTALLATIONS,Repainting bath tub of size 1700x730x430mm with enamel paint.,Each,617.9
A17.68.1,17.0 SANITARY INSTALLATIONS,plastic seat and lid with white vitreous china flushing cistern and,Each,11071.0
A17.69.1,17.0 SANITARY INSTALLATIONS,Aires ingots tanga STAM cas nan) 11470 sna tango stay aso sn 2968089 sta,Each,122.8
A17.69.2,17.0 SANITARY INSTALLATIONS,"Waste coupling 38mm dia of 83mm length and 77mm breadth,",Each,145.8
A17.70.1,17.0 SANITARY INSTALLATIONS,"coupling 77mm breadth with 25mm minimum water seal,",Each,412.5
A17.70.2,17.0 SANITARY INSTALLATIONS,"coupling 77mm breadth with 25mm minimum water seal,",Each,429.0
A17.72,17.0 SANITARY INSTALLATIONS,face with concealed fittings arrangement of approved quality and,Each,280.8
A17.73.1,17.0 SANITARY INSTALLATIONS,"and effective height of 88mm, weighing not less than 170gms.",Each,2284.7
A17.73.2,17.0 SANITARY INSTALLATIONS,"and effective height of 88mm, weighing not less than 190gms.",Each,2334.1
A17.74,17.0 SANITARY INSTALLATIONS,"36 mm height of approved quality & colour, weighing not less",Each,2391.7
A17.75,17.0 SANITARY INSTALLATIONS,"mm with 1/2"" BSP thread and shapes, weighing not less than",Each,147.4
A17.76.1,17.0 SANITARY INSTALLATIONS,with BSP female threads weighing not less than 48gms,Each,201.9
A17.77.1,17.0 SANITARY INSTALLATIONS,"shape and of total length 420mm and shall be fixed with M.S. nuts, bolts & washers of size 25x6mm, one bolt on each side of - P woe",Each,283.5
A17.77.2,17.0 SANITARY INSTALLATIONS,Air een dapge) ne EMMIS easy nas) se.50 spay as370 74s) asad 7s ash79 ange st.90 en,Each,349.6
A17.77.3,17.0 SANITARY INSTALLATIONS,A773 ree oinm dagen easy team) 0570 aan as20 ary ars aso ao.sy an ana ena) an,Each,414.0
A17.79,17.0 SANITARY INSTALLATIONS,"surface, fixed with cartridge having debris catcher and hygiene",Each,20458.8
A17.81,17.0 SANITARY INSTALLATIONS,"system, including all fittings and fixtures with seat cover, cistern",Each,18147.6
A18.1.1,INTERNAL WORK - EXPOSED ON WALL,direction of the Engineer-in-Charge. INTERNAL WORK - EXPOSED ON WALL - 1216 (16 mm OD) pipe,Metre,226.6
A18.1.2,INTERNAL WORK - EXPOSED ON WALL,direction of the Engineer-in-Charge. INTERNAL WORK - EXPOSED ON WALL - 1620 (20 mm OD) pipe,Metre,265.8
A18.1.3,INTERNAL WORK - EXPOSED ON WALL,direction of the Engineer-in-Charge. INTERNAL WORK - EXPOSED ON WALL - 2025 (25 mm OD) pipe,Metre,331.3
A18.1.4,INTERNAL WORK - EXPOSED ON WALL,direction of the Engineer-in-Charge. INTERNAL WORK - EXPOSED ON WALL - 2532 (32 mm OD) pipe,Metre,428.4
A18.1.5,INTERNAL WORK - EXPOSED ON WALL,INTERNAL WORK - EXPOSED ON WALL - 3240 (40 mm OD) pipe,Metre,603.6
A18.1.6,INTERNAL WORK - EXPOSED ON WALL,INTERNAL WORK - EXPOSED ON WALL - 4050 (50 mm OD) pipe,Metre,760.0
A18.2.1,INTERNAL WORK - EXPOSED ON WALL,"Engineer-in-Charge. Concealed work, including cutting chases and making good the - 1216 (16 mm OD) pipe",Metre,366.4
A18.2.2,INTERNAL WORK - EXPOSED ON WALL,"Engineer-in-Charge. Concealed work, including cutting chases and making good the - 1620 (20 mm OD) pipe",Metre,392.7
A18.2.3,INTERNAL WORK - EXPOSED ON WALL,"Concealed work, including cutting chases and making good the - 2025 (25 mm OD) pipe",Metre,445.4
A18.2.4,INTERNAL WORK - EXPOSED ON WALL,"Concealed work, including cutting chases and making good the - 2532 (32 mm OD) pipe",Metre,522.8
A18.3.1,EXTERNAL WORK,refilling and testing of joints complete as per direction of the Engineer-in-Charge. - 1216 (16 mm OD) pipe,Metre,198.7
A18.3.3,EXTERNAL WORK,Engineer-in-Charge. - 2025 (25 mm OD) pipe,Metre,277.7
A18.3.4,EXTERNAL WORK,Engineer-in-Charge. - 2532 (32 mm OD) pipe,Metre,355.1
A18.3.6,EXTERNAL WORK,4050 (50 mm OD) pipe,Metre,658.0
A18.4.2,EXTERNAL WORK,"complete as per direction of engineer-in-charge. Internal Exposed on Walls - PN - 16 pipe, 25mm OD (SDR-7.4)",Metre,260.0
A18.4.3,EXTERNAL WORK,"complete as per direction of engineer-in-charge. Internal Exposed on Walls - PN - 16 pipe, 32 mm OD (SDR-7.4)",Metre,328.0
A18.4.4,EXTERNAL WORK,"complete as per direction of engineer-in-charge. Internal Exposed on Walls - PN - 16 pipe, 40 mm OD (SDR-7.4)",Metre,481.9
A18.4.5,EXTERNAL WORK,"complete as per direction of engineer-in-charge. Internal Exposed on Walls - PN - 16 pipe, 50 mm OD (SDR-7.4)",Metre,631.9
A18.5.1,EXTERNAL WORK,"complete as per direction of engineer-in-charge. Concealed work, including cutting chases and making good the - PN - 16 pipe, 20mm OD (SDR-7.4)",Metre,335.6
A18.5.2,EXTERNAL WORK,"complete as per direction of engineer-in-charge. Concealed work, including cutting chases and making good the - PN - 16 pipe, 25 mm OD (SDR-7.4)",Metre,374.3
A18.5.3,EXTERNAL WORK,"complete as per direction of engineer-in-charge. Concealed work, including cutting chases and making good the - PN - 16 pipe, 32 mm OD (SDR-7.4)",Metre,441.3
A18.6.2,EXTERNAL WORK,"polypropylene random fittings, including trenching, refilling & testing of joints complete as per direction of engineer-in-charge. - PN - 16, 25 mm OD (SDR-7.4)",Metre,215.7
A18.6.3,EXTERNAL WORK,"polypropylene random fittings, including trenching, refilling & testing of joints complete as per direction of engineer-in-charge. - PN - 16, 32 mm OD (SDR-7.4)",Metre,282.7
A18.6.4,EXTERNAL WORK,"testing of joints complete as per direction of engineer-in-charge. - PN - 16, 40 mm OD (SDR-7.4)",Metre,379.5
A18.6.5,EXTERNAL WORK,"testing of joints complete as per direction of engineer-in-charge. - PN - 16, 50 mm OD (SDR-7.4)",Metre,529.6
A18.6.6,EXTERNAL WORK,"PN - 16, 63 mm OD (SDR-7.4)",Metre,606.4
A18.6.7,EXTERNAL WORK,"PN - 16, 75 mm OD (SDR-7.4)",Metre,831.1
A18.6.8,EXTERNAL WORK,"PN - 16, 90 mm OD (SDR-7.4)",Metre,1173.3
A18.6.9,EXTERNAL WORK,"PN - 16, 110 mm OD (SDR-7.4)",Metre,1647.8
A18.6.10,EXTERNAL WORK,"PN - 16, 160 mm OD (SDR-7.4)",Metre,4501.7
A18.7.2,Internal Work - Exposed on wall,complete as per direction of engineer-in-charge. Internal Work - Exposed on wall - 20 mm nominal outer dia Pipes,Metre,278.3
A18.7.3,Internal Work - Exposed on wall,complete as per direction of engineer-in-charge. Internal Work - Exposed on wall - 25 mm nominal outer dia Pipes,Metre,337.2
A18.7.4,Internal Work - Exposed on wall,complete as per direction of engineer-in-charge. Internal Work - Exposed on wall - 32 mm nominal outer dia Pipes,Metre,439.4
A18.7.5,Internal Work - Exposed on wall,complete as per direction of engineer-in-charge. Internal Work - Exposed on wall - 40 mm nominal outer dia Pipes,Metre,593.2
A18.7.6,Internal Work - Exposed on wall,Internal Work - Exposed on wall - 50 mm nominal outer dia Pipes,Metre,834.5
A18.8.1,Internal Work - Exposed on wall,"cutting chases and making good the same including testing of Concealed work, including cutting chases and making good the - 15 mm nominal outer dia Pipes",Metre,344.3
A18.8.2,Internal Work - Exposed on wall,"cutting chases and making good the same including testing of Concealed work, including cutting chases and making good the - '20 mm nominal outer dia Pipes",Metre,392.4
A18.8.3,Internal Work - Exposed on wall,"cutting chases and making good the same including testing of Concealed work, including cutting chases and making good the - 25 mm nominal outer dia Pipes",Metre,451.3
A18.8.4,Internal Work - Exposed on wall,"Concealed work, including cutting chases and making good the - '32 mm nominal outer dia Pipes",Metre,533.7
A18.9.1,Internal Work - Exposed on wall,"fittings with one step CPVC solvent cement, trenching, refilling & testing of joints complete as per direction of Engineer-in-charge. - 15 mm nominal outer dia Pipes",Metre,176.5
A18.9.2,Internal Work - Exposed on wall,"fittings with one step CPVC solvent cement, trenching, refilling & testing of joints complete as per direction of Engineer-in-charge. - '20 mm nominal outer dia Pipes",Metre,224.7
A18.9.3,Internal Work - Exposed on wall,testing of joints complete as per direction of Engineer-in-charge. - 25 mm nominal outer dia Pipes,Metre,292.8
A18.9.4,Internal Work - Exposed on wall,testing of joints complete as per direction of Engineer-in-charge. - '32 mm nominal outer dia Pipes,Metre,375.2
A18.9.5,Internal Work - Exposed on wall,40 mm nominal outer dia Pipes,Metre,490.8
A18.9.6,Internal Work - Exposed on wall,50 mm nominal outer dia Pipes,Metre,732.1
A18.9.7,Internal Work - Exposed on wall,62.50 mm nominal outer dia Pipes,Metre,1448.7
A18.9.8,Internal Work - Exposed on wall,'75 mm nominal outer dia Pipes,Metre,1840.1
A18.9.9,Internal Work - Exposed on wall,100 mm nominal outer dia Pipes,Metre,2604.1
A18.9.10,Internal Work - Exposed on wall,'150 mm nominal outer dia Pipes,Metre,5469.5
A18.10.2,Internal work - Exposed on wall,Providing and fixing G.I. pipes complete with G.I. fittings and Internal work - Exposed on wall - 20mm dia. nominal bore,Metre,367.2
A18.10.3,Internal work - Exposed on wall,Providing and fixing G.I. pipes complete with G.I. fittings and Internal work - Exposed on wall - 25mm dia. nominal bore,Metre,477.6
A18.10.4,Internal work - Exposed on wall,Providing and fixing G.I. pipes complete with G.I. fittings and Internal work - Exposed on wall - 32mm dia. nominal bore,Metre,580.1
A18.10.5,Internal work - Exposed on wall,Internal work - Exposed on wall - ‘40mm dia. nominal bore,Metre,694.5
A18.10.6,Internal work - Exposed on wall,Internal work - Exposed on wall - 50mm dia nominal bore,Metre,854.4
A18.11.1,Internal work - Exposed on wall,"including painting with anti-corrosive bitumastic paint, cutting chases and making good the wall: - 15 mm dia nominal bore",Metre,448.4
A18.11.2,Internal work - Exposed on wall,"including painting with anti-corrosive bitumastic paint, cutting chases and making good the wall: - 20 mm dia nominal bore",Metre,503.3
A18.12.1,Internal work - Exposed on wall,chases and making good the wall: Providing and fixing G. |. pipes complete with G. |. fittings - 15mm dia. nominal bore,Metre,251.2
A18.12.2,Internal work - Exposed on wall,chases and making good the wall: Providing and fixing G. |. pipes complete with G. |. fittings - 20 mm dia. nominal bore,Metre,299.9
A18.12.3,Internal work - Exposed on wall,Providing and fixing G. |. pipes complete with G. |. fittings - 25 mm dia. nominal bore,Metre,395.1
A18.12.4,Internal work - Exposed on wall,Providing and fixing G. |. pipes complete with G. |. fittings - 32 mm dia. nominal bore,Metre,469.0
A18.12.5,Internal work - Exposed on wall,Providing and fixing G. |. pipes complete with G. |. fittings - 40 mm dia. nominal bore,Metre,537.3
A18.12.6,Internal work - Exposed on wall,50 mm dia. nominal bore,Metre,638.0
A18.12.7,Internal work - Exposed on wall,65 mm dia. nominal bore,Metre,810.4
A18.12.8,Internal work - Exposed on wall,80 mm dia. nominal bore,Metre,995.1
A18.13.1,Internal work - Exposed on wall,Making connection of G.I. distribution branch with G.I.main of threading the pipe etc. complete. - 25 to 40 mm nominal bore,Each,632.3
A18.13.2,Internal work - Exposed on wall,Making connection of G.I. distribution branch with G.I.main of threading the pipe etc. complete. - 50 to 80 mm nominal bore,Each,1495.2
A18.14,Internal work - Exposed on wall,complete (cost of water meter and stop cock to be paid,Metre,550.0
A18.15.2,Internal work - Exposed on wall,Fixing water meter and stop cock in G.I. pipe line including cutting and threading the pipe and making long screws etc. - 20 mm nominal bore,Each,401.7
A18.16.1,Internal work - Exposed on wall,15 mm nominal bore,Each,372.3
A18.16.2,Internal work - Exposed on wall,20 mm nominal bore,Each,401.7
A18.17.1,Internal work - Exposed on wall,Providing and fixing gun metal gate valve with C.I. wheel of M807 Sppoed ityeteveden) - 25 mm nominal bore,Each,611.7
A20,Internal work - Exposed on wall,Providing and fixing gun metal gate valve with C.I. wheel of M807 Sppoed ityeteveden) - mm nominal bore,Each,566.3
A18.17.2,Internal work - Exposed on wall,Providing and fixing gun metal gate valve with C.I. wheel of M807 Sppoed ityeteveden) - 32 mm nominal bore,Each,715.2
A18.17.3,Internal work - Exposed on wall,Providing and fixing gun metal gate valve with C.I. wheel of M807 Sppoed ityeteveden) - 40 mm nominal bore,Each,834.8
A18.17.4,Internal work - Exposed on wall,Providing and fixing gun metal gate valve with C.I. wheel of M807 Sppoed ityeteveden) - 50 mm nominal bore,Each,1069.5
A18.17.5,Internal work - Exposed on wall,M807 Sppoed ityeteveden) - 65 mm nominal bore,Each,1831.1
A18.17.6,Internal work - Exposed on wall,80 mm nominal bore,Each,2729.1
A18.18.1,Internal work - Exposed on wall,Seem nat stm aie eh a_i cg ete Providing and fixing ball valve (brass) of approved quality high or - 15 mm nominal bore,Each,416.8
A18.18.3,Internal work - Exposed on wall,25 mm nominal bore,Each,484.8
A18.19.1.1,Internal work - Exposed on wall,Providing and fixing gun metal non- return valve of approved | | | | | | - Horizontal,Each,587.8
A18.19.2.2,Internal work - Exposed on wall,Vertical,Each,872.0
A18.19.3.1,Internal work - Exposed on wall,Horizontal,Each,975.0
A18.19.4.2,Internal work - Exposed on wall,Vertical,Each,1539.5
A18.19.5.1,Internal work - Exposed on wall,Horizontal,Each,2515.1
A18.19.6.2,Internal work - Exposed on wall,Vertical,Each,4182.6
A18.20.2,Internal work - Exposed on wall,Providing and fixing brass ferrule with C.I. mouth cover including | | | | | | - 20 mm nominal bore,Each,418.8
A18.20.3,Internal work - Exposed on wall,'25 mm nominal bore,Each,539.4
A18.21.1.2,Internal work - Exposed on wall,20 mm nominal bore,Each,97.9
A18.21.2.1,Internal work - Exposed on wall,15 mm nominal bore,Each,102.1
A18.21.2.2,Internal work - Exposed on wall,'20 mm nominal bore,Each,124.0
A18.22.1,Internal work - Exposed on wall,"18.22 Providing and fixing CP, Bras shower rose with 150° 0mm Flt - 100mm diameter",Each,187.0
A18.27.1,Internal work - Exposed on wall,"M827 (Ca coor 0m , (Class LA) conforming to IS - 1536 - 100 mm dia. pipe",Metre,1455.3
A18.27.2,Internal work - Exposed on wall,"M827 (Ca coor 0m , (Class LA) conforming to IS - 1536 - 125 mm dia. pipe",Metre,1814.4
A18.27.3,Internal work - Exposed on wall,"M827 (Ca coor 0m , (Class LA) conforming to IS - 1536 - 150 mm dia. pipe",Metre,2189.3
A18.27.4,Internal work - Exposed on wall,"M827 (Ca coor 0m , (Class LA) conforming to IS - 1536 - 200 mm dia. pipe",Metre,3711.0
A18.27.5,Internal work - Exposed on wall,"M827 (Ca coor 0m , (Class LA) conforming to IS - 1536 - 250 mm dia. pipe",Metre,4845.8
A18.27.6,Internal work - Exposed on wall,", (Class LA) conforming to IS - 1536 - 300 mm dia. pipe",Metre,6533.1
A18.27.7,Internal work - Exposed on wall,350 mm dia. pipe,Metre,7835.4
A18.27.8,Internal work - Exposed on wall,400 mm dia. pipe,Metre,10315.5
A18.27.9,Internal work - Exposed on wall,450 mm dia. pipe,Metre,12490.5
A18.27.10,Internal work - Exposed on wall,500 mm dia. pipe,Metre,14507.4
A18.27.11,Internal work - Exposed on wall,600 mm dia. pipe,Metre,20276.4
A18.28.1,Internal work - Exposed on wall,Providing lead caulked joints to spun iron or C. |. pipes and - 100 mm diametre pipe,Each,338.5
A18.28.2,Internal work - Exposed on wall,Providing lead caulked joints to spun iron or C. |. pipes and - 125 mm diametre pipe,Each,500.9
A18.28.3,Internal work - Exposed on wall,Providing lead caulked joints to spun iron or C. |. pipes and - 150 mm diametre pipe,Each,508.4
A18.28.4,Internal work - Exposed on wall,Providing lead caulked joints to spun iron or C. |. pipes and - 200 mm diametre pipe,Each,674.6
A18.28.5,Internal work - Exposed on wall,250 mm diametre pipe,Each,843.2
A18.28.6,Internal work - Exposed on wall,300 mm diametre pipe,Each,1015.1
A18.28.7,Internal work - Exposed on wall,350 mm diametre pipe,Each,1040.5
A18.28.8,Internal work - Exposed on wall,400 mm diametre pipe,Each,1362.2
A18.28.9,Internal work - Exposed on wall,450 mm diametre pipe,Each,1528.3
A18.28.10,Internal work - Exposed on wall,500 mm diametre pipe,Each,1616.8
A18.28.11,Internal work - Exposed on wall,600 mm diametre pipe,Each,2185.4
A18.30.1,Internal work - Exposed on wall,Providing flange joints to double flanged C.!| /D.| pipes and M800 peda relating a - 80 mm dia pipe,Each,173.9
A18.30.2,Internal work - Exposed on wall,Providing flange joints to double flanged C.!| /D.| pipes and M800 peda relating a - 100 mm dia pipe,Each,279.6
A18.30.3,Internal work - Exposed on wall,Sane mn tt ats aie es | a_i cg ene - 125 mm dia pipe,Each,296.0
A18.30.5,Internal work - Exposed on wall,Sane mn tt ats aie es | a_i cg ene - 200 mm dia pipe,Each,384.8
A18.30.6,Internal work - Exposed on wall,Sane mn tt ats aie es | a_i cg ene - '250 mm dia pipe,Each,531.5
A18.30.7,Internal work - Exposed on wall,Sane mn tt ats aie es | a_i cg ene - 300 mm dia pipe,Each,539.8
A18.30.9,Internal work - Exposed on wall,400mm dia pipe,Each,1037.7
A18.30.11,Internal work - Exposed on wall,500mm dia pipe,Each,1458.8
A18.31.1.1,Internal work - Exposed on wall,Providing and fixing C.I. sluice valves (with cap) complete with be paid separately). - Class,Each,4716.3
A18.31.2.2,Internal work - Exposed on wall,be paid separately). - Class Il,Each,6152.4
A18.31.3.1,Internal work - Exposed on wall,Class,Each,6937.5
A18.31.4.2,Internal work - Exposed on wall,Class Il,Each,16065.6
A18.31.5.1,Internal work - Exposed on wall,Class,Each,19909.2
A18.31.5.2,Internal work - Exposed on wall,‘Class II,Each,25918.1
A18.31.6.2,Internal work - Exposed on wall,Class Il,Each,32340.5
A18.33.1,Internal work - Exposed on wall,standard design. With commom burnt clay F.P.S. (non modular) bricks of class - designation 7.5,Each,13065.5
A18.36.1,Internal work - Exposed on wall,cement complete as per standard design. With commom burnt clay F.P.S. (non modular) bricks of class - designation 7.5,Each,12320.7
A18.37.1,Internal work - Exposed on wall,With commom burnt clay F.P.S. (non modular) bricks of class With commom burnt clay F.P.S. (non modular) bricks of class - designation 7.5,Each,11086.0
A18.38.1,approved quality for new work.,Painting G.I. pipes and fittings with synthetic enamel white paint approved quality for new work. - 15 mm diameter pipe.,Metre,36.0
A18.38.2,approved quality for new work.,Painting G.I. pipes and fittings with synthetic enamel white paint approved quality for new work. - 20 mm diameter pipe.,Metre,44.1
A18.38.3,approved quality for new work.,Painting G.I. pipes and fittings with synthetic enamel white paint approved quality for new work. - 25 mm diameter pipe.,Metre,56.5
A18.38.4,approved quality for new work.,Painting G.I. pipes and fittings with synthetic enamel white paint approved quality for new work. - 32 mm diameter pipe.,Metre,69.3
A18.38.5,approved quality for new work.,approved quality for new work. - 40 mm diameter pipe.,Metre,80.2
A18.38.6,approved quality for new work.,approved quality for new work. - 50 mm diameter pipe.,Metre,97.8
A18.39.1,approved quality for new work.,Repainting G.I. pipes and fittings with synthetic enamel white - 15 mm diameter pipe.,Metre,7.7
A18.39.2,approved quality for new work.,Repainting G.I. pipes and fittings with synthetic enamel white - 20 mm diameter pipe.,Metre,9.0
A18.39.3,approved quality for new work.,Repainting G.I. pipes and fittings with synthetic enamel white - 25 mm diameter pipe.,Metre,11.6
A18.39.4,approved quality for new work.,Repainting G.I. pipes and fittings with synthetic enamel white - 32 mm diameter pipe.,Metre,13.7
A18.39.5,approved quality for new work.,Repainting G.I. pipes and fittings with synthetic enamel white - 40 mm diameter pipe.,Metre,15.9
A18.39.6,approved quality for new work.,50 mm diameter pipe.,Metre,18.8
A18.40.1,approved quality for new work.,Painting G.I. pipes and fittings with two coats of anti-corrosive - 15 mm diameter pipes,Metre,9.1
A18.40.2,approved quality for new work.,Painting G.I. pipes and fittings with two coats of anti-corrosive - 20 mm diameter pipes,Metre,10.8
A18.40.3,approved quality for new work.,Painting G.I. pipes and fittings with two coats of anti-corrosive - 25 mm diameter pipes,Metre,13.7
A18.40.4,approved quality for new work.,Painting G.I. pipes and fittings with two coats of anti-corrosive - 32 mm diameter pipes,Metre,16.3
A18.40.5,approved quality for new work.,Painting G.I. pipes and fittings with two coats of anti-corrosive - 40 mm diameter pipes,Metre,18.6
A18.40.6,approved quality for new work.,50 mm diameter pipes,Metre,22.2
A18.40.7,approved quality for new work.,65 mm diameter pipes,Metre,27.3
A18.40.8,approved quality for new work.,80 mm diameter pipes,Metre,31.7
A18.41.1,approved quality for new work.,"Providing and filling sand of grading zone-V or coarser grade, all - 15mm diameter pipe",Metre,158.2
A18.41.2,approved quality for new work.,"Providing and filling sand of grading zone-V or coarser grade, all - 20mm diameter pipe",Metre,160.3
A18.41.3,approved quality for new work.,"Providing and filling sand of grading zone-V or coarser grade, all - 25mm diameter pipe",Metre,164.6
A18.41.4,approved quality for new work.,"Providing and filling sand of grading zone-V or coarser grade, all - 32mm diameter pipe",Metre,168.8
A18.41.5,approved quality for new work.,40mm diameter pipe,Metre,171.0
A18.41.6,approved quality for new work.,50mm diameter pipe,Metre,177.4
A18.41.7,approved quality for new work.,65mm diameter pipe,Metre,280.0
A18.41.8,approved quality for new work.,80mm diameter pipe,Metre,288.5
A18.41.9,approved quality for new work.,100mm diameter pipe,Metre,305.6
A18.41.10,approved quality for new work.,150mm diameter pipe,Metre,455.2
A18.42.1,approved quality for new work.,"well, in all soils except ordinary hard rocks requiring blasting, is lowered and tested: - Upto 6 metres depth.",Metre,486.7
A18.42.2,approved quality for new work.,"well, in all soils except ordinary hard rocks requiring blasting, is lowered and tested: - Beyond 6 m and upto 12 m depth",Metre,577.0
A18.42.3,approved quality for new work.,"well, in all soils except ordinary hard rocks requiring blasting, is lowered and tested: - Beyond 12 m and upto 18 m depth",Metre,670.7
A18.43,approved quality for new work.,pipe with brass strainer of approved quality.,Metre,878.3
A18.44,approved quality for new work.,G.I. pipe for tube well including cleaning and priming the tube,Metre,500.5
A18.45,approved quality for new work.,for 40 mm diameter G.I. pipe complete with all accessories.,Each,1316.0
A18.46.1,approved quality for new work.,Providing and placing in position hand pump of approved quality Providing and fixing G.I. Union in G.I. pipe including cutting and - 15mm nominal bore,Each,224.6
A18.46.2,approved quality for new work.,Providing and placing in position hand pump of approved quality Providing and fixing G.I. Union in G.I. pipe including cutting and - 20 mm nominal bore,Each,255.9
A18.46.3,approved quality for new work.,Providing and placing in position hand pump of approved quality Providing and fixing G.I. Union in G.I. pipe including cutting and - 25 mm nominal bore,Each,353.0
A18.46.4,approved quality for new work.,Providing and fixing G.I. Union in G.I. pipe including cutting and - 32 mm nominal bore,Each,407.4
A18.46.5,approved quality for new work.,Providing and fixing G.I. Union in G.I. pipe including cutting and - 40 mm nominal bore,Each,491.3
A18.46.6,approved quality for new work.,50 mm nominal bore,Each,646.7
A18.46.7,approved quality for new work.,65 mm nominal bore,Each,1066.5
A18.46.8,approved quality for new work.,80 mm nominal bore,Each,1163.7
A18.47.1,approved quality for new work.,"and threading the pipe and making long screws, including the same complete wherever required: - 15 mm nominal bore",Each,563.1
A18.47.2,approved quality for new work.,"and threading the pipe and making long screws, including the same complete wherever required: - 20 mm nominal bore",Each,594.4
A18.47.3,approved quality for new work.,"and threading the pipe and making long screws, including the same complete wherever required: - 25 mm nominal bore",Each,691.5
A18.47.4,approved quality for new work.,"and threading the pipe and making long screws, including the same complete wherever required: - 32 mm nominal bore",Each,745.9
A18.47.5,approved quality for new work.,the same complete wherever required: - 40 mm nominal bore,Each,829.8
A18.47.6,approved quality for new work.,the same complete wherever required: - 50 mm nominal bore,Each,1108.3
A18.47.7,approved quality for new work.,65 mm nominal bore,Each,1528.1
A18.47.8,approved quality for new work.,80 mm nominal bore,Each,1625.3
A18.49.1,approved quality for new work.,Providing and fixing C.P. brass bib cock of approved quality | | | | | | conforming to 1S:8931 - 15 mm nominal bore,Each,515.5
A18.52.1,approved quality for new work.,Providing and fixing C.P. brass long body bib cock of approved ° \design and of approved make conforming to 1S:8931 | | | | | | - 15 mm nominal bore,Each,746.0
A18.53.1,approved quality for new work.,° \design and of approved make conforming to 1S:8931 | | | | | | ° 'geyser points of approved quality conforming to 1S:8931 | | | | | | - 15 mm nominal bore,Each,654.6
A18.54.1,approved quality for new work.,"15mm nominal bore, 86mm long, weighing not less than 88 gms.",Each,143.4
A18.54.2,approved quality for new work.,"15mm nominal bore, 122mm long, weighing not less than 99 gms.",Each,199.4
A18.54.4,approved quality for new work.,"15mm nominal bore, 90 mm long, weighing not less than 93 gms",Each,280.9
A18.55.1,approved quality for new work.,"15 mm nominal bore, 86 mm long, weighing not less than 88 gms",Each,143.4
A18.55.2,approved quality for new work.,"20 mm nominal bore, 89 mm long, weighing not less than 88 gms",Each,186.2
A18.55.3,approved quality for new work.,"Concealed stop cock, 15 mm nominal bore, 108 mm long,",Each,246.3
A18.56.1,approved quality for new work.,"weghing not less than 108 gms. 15 mm nominal bore, 107 mm long, weighing not less than 110 - gms",Each,237.0
A18.56.2,approved quality for new work.,"15 mm nominal bore, 125 mm long foam flow, weighing not less - than 120 gms",Each,258.4
A18.57.1,approved quality for new work.,"15 mm nominal bore, 98 mm long, weighing not less than 75 gms.",Each,128.6
A18.57.2,approved quality for new work.,"15 mm nominal size, 80 mm long, weighing not less than 46 gms",Each,120.4
A18.58.1.1,approved quality for new work.,"15 mm nominal bore, 125 mm long foam flow, weighing not less - 100 mm nominal dia",Each,46.6
A18.58.1.2,approved quality for new work.,(125 mm nominal dia with 25 mm waste hole,Each,63.1
A18.59.1,approved quality for new work.,"providing and fixing C.l. double acting air valve of approved pieces, tapers etc if required will be paid separetely) : - 50 mm dia",Each,6311.4
A18.59.2,approved quality for new work.,"providing and fixing C.l. double acting air valve of approved pieces, tapers etc if required will be paid separetely) : - (80 mm dia",Each,7645.0
A18.59.3,approved quality for new work.,"providing and fixing C.l. double acting air valve of approved pieces, tapers etc if required will be paid separetely) : - 100 mm dia",Each,9929.4
A18.60.1,approved quality for new work.,conforming to IS : 2373 and tested by municipal Board complete required will be paid separetely) : - '80 mm dia nominal bore,Each,4331.9
A18.60.2,approved quality for new work.,conforming to IS : 2373 and tested by municipal Board complete required will be paid separetely) : - 100 mm dia nominal bore,Each,6418.5
A18.60.3,approved quality for new work.,conforming to IS : 2373 and tested by municipal Board complete required will be paid separetely) : - /150 mm dia nominal bore,Each,9401.5
A18.60.4,approved quality for new work.,conforming to IS : 2373 and tested by municipal Board complete required will be paid separetely) : - 200 mm dia nominal bore,Each,10267.3
A18.61.1,approved quality for new work.,Providing and fixing C.I. dirt box strainer for bulk type water conforming to IS : 2373: - 80 mm dia,Each,4974.0
A18.61.2,approved quality for new work.,Providing and fixing C.I. dirt box strainer for bulk type water conforming to IS : 2373: - 100 mm dia,Each,8010.5
A18.61.3,approved quality for new work.,Providing and fixing C.I. dirt box strainer for bulk type water conforming to IS : 2373: - 150 mm dia,Each,10163.7
A18.61.4,approved quality for new work.,Providing and fixing C.I. dirt box strainer for bulk type water conforming to IS : 2373: - 200 mm dia,Each,15250.4
A18.62.1,approved quality for new work.,"H.P.H.D. plastic ball. 15 mm nominal bore, 105 mm long, weighing not less than 138 - gms",Each,235.7
A18.62.2,approved quality for new work.,"15 mm nominal bore, 105 mm long, weighing not less than 138 20 mm nominal bore, 120 mm long, weighing not less than 198 - gms",Each,310.9
A18.62.3,approved quality for new work.,"20 mm nominal bore, 120 mm long, weighing not less than 198 25 mm nominal bore, 152 mm long, weighing not less than 440 - gms",Each,583.6
A18.65,approved quality for new work.,"mm, breadth 102 mm. height of 75 mm with concealed fitting)",Each,160.6
A18.68.1,approved quality for new work.,$1867 ech ontng sper 132 Providing and laying D.I. specials of class K-12 suitable for push- - Upto 600 mm dia,Each,20842.2
A18.68.2,approved quality for new work.,$1867 ech ontng sper 132 Providing and laying D.I. specials of class K-12 suitable for push- - ‘Above 600 mm dia,Each,28744.6
A18.70.1,approved quality for new work.,Providing push-on-joints to centrifugally (Spun) Cast Iron Pipes or save | Seipeermmeoncrmme meter || - 100 mm dia pipies,Each,472.9
A18.70.2,approved quality for new work.,Providing push-on-joints to centrifugally (Spun) Cast Iron Pipes or save | Seipeermmeoncrmme meter || - '150 mm dia pipies,Each,737.9
A18.70.3,approved quality for new work.,Providing push-on-joints to centrifugally (Spun) Cast Iron Pipes or save | Seipeermmeoncrmme meter || - 200 mm dia pipies,Each,1107.3
A18.70.4,approved quality for new work.,Providing push-on-joints to centrifugally (Spun) Cast Iron Pipes or save | Seipeermmeoncrmme meter || - '250 mm dia pipies,Each,1345.0
A18.70.5,approved quality for new work.,save | Seipeermmeoncrmme meter || - 300 mm dia pipies,Each,1788.5
A18.70.6,approved quality for new work.,save | Seipeermmeoncrmme meter || - '350 mm dia pipies,Each,1920.2
A18.70.7,approved quality for new work.,400 mm dia pipies,Each,3070.7
A18.70.8,approved quality for new work.,'450 mm dia pipies,Each,3547.1
A18.70.9,approved quality for new work.,500 mm dia pipies,Each,3785.3
A18.70.10,approved quality for new work.,‘600 mm dia pipies,Each,4917.8
A18.70.11,approved quality for new work.,650 mm dia pipies,Each,6793.9
A18.70.12,approved quality for new work.,'700 mm dia pipies,Each,7699.4
A18.70.13,approved quality for new work.,“camse Maina tr sas ts estan sean ah - 800 mm dia pipies,Each,8469.9
A18.70.14,approved quality for new work.,“camse Maina tr sas ts estan sean ah - 900 mm dia pipies,Each,10845.9
A18.70.15,approved quality for new work.,“camse Maina tr sas ts estan sean ah - 1000 mm dia pipies,Each,12663.1
A18.71.1,approved quality for new work.,"“camse Maina tr sas ts estan sean ah centrifugally (Spun) Cast Iron, Class B (IS : 1536) : - 100 mm dia C.I. Double Flanged Pipe",Metre,1108.6
A18.71.2,approved quality for new work.,"centrifugally (Spun) Cast Iron, Class B (IS : 1536) : - 150 mm dia C.I. Double Flanged Pipe",Metre,1735.3
A18.71.3,approved quality for new work.,"centrifugally (Spun) Cast Iron, Class B (IS : 1536) : - 200 mm dia C.1. Double Flanged Pipe",Metre,2736.6
A18.71.4,approved quality for new work.,"centrifugally (Spun) Cast Iron, Class B (IS : 1536) : - 250 mm dia C.1. Double Flanged Pipe",Metre,3310.1
A18.71.5,approved quality for new work.,"centrifugally (Spun) Cast Iron, Class B (IS : 1536) : - 300 mm dia C.1. Double Flanged Pipe",Metre,4230.8
A18.71.6,approved quality for new work.,"centrifugally (Spun) Cast Iron, Class B (IS : 1536) : - 350 mm dia C.1. Double Flanged Pipe",Metre,5326.5
A18.71.7,approved quality for new work.,400 mm dia C.I. Double Flanged Pipe,Metre,6889.9
A18.71.8,approved quality for new work.,450 mm dia C.I. Double Flanged Pipe,Metre,8771.1
A18.71.9,approved quality for new work.,500 mm dia C.1. Double Flanged Pipe,Metre,10893.3
A18.71.10,approved quality for new work.,600 mm dia C.1. Double Flanged Pipe,Metre,15092.0
A18.72.1,approved quality for new work.,Providing and laying S&S centrifugally Cast (Spun) / Ductile Iron Mar Gpescnoming Wiss - 100 mm dia Ductile Iron Class K-7 pipes,Metre,1351.6
A18.72.2,approved quality for new work.,Providing and laying S&S centrifugally Cast (Spun) / Ductile Iron Mar Gpescnoming Wiss - 150 mm dia Ductile Iron Class K-7 pipes,Metre,1927.9
A18.72.3,approved quality for new work.,Providing and laying S&S centrifugally Cast (Spun) / Ductile Iron Mar Gpescnoming Wiss - 200 mm dia Ductile Iron Class K-7 pipes,Metre,2372.3
A18.72.4,approved quality for new work.,Providing and laying S&S centrifugally Cast (Spun) / Ductile Iron Mar Gpescnoming Wiss - 250 mm dia Ductile Iron Class K-7 pipes,Metre,3051.4
A18.72.5,approved quality for new work.,Mar Gpescnoming Wiss - 300 mm dia Ductile Iron Class K-7 pipes,Metre,3812.7
A18.72.6,approved quality for new work.,Mar Gpescnoming Wiss - 350 mm dia Ductile Iron Class K-7 pipes,Metre,4510.6
A18.72.7,approved quality for new work.,400 mm dia Ductile Iron Class K-7 pipes,Metre,5402.5
A18.72.8,approved quality for new work.,450 mm dia Ductile Iron Class K-7 pipes,Metre,6546.4
A18.72.9,approved quality for new work.,500 mm dia Ductile Iron Class K-7 pipes,Metre,7400.3
A18.72.10,approved quality for new work.,600 mm dia Ductile Iron Class K-7 pipes,Metre,9529.9
A18.72.11,approved quality for new work.,700 mm dia Ductile Iron Class K-7 pipes,Metre,12441.4
A18.72.12,approved quality for new work.,800 mm dia Ductile Iron Class K-7 pipes,Metre,15527.1
A18.72.13,approved quality for new work.,900 mm dia Ductile Iron Class K-7 pipes,Metre,20060.0
A18.72.14,approved quality for new work.,1000 mm dia Ductile Iron Class K-7 pipes,Metre,21029.9
A18.72.15,approved quality for new work.,100 mm dia Ductile Iron Class K-9 pipes,Metre,1299.2
A18.72.16,approved quality for new work.,150 mm dia Ductile Iron Class K-9 pipes,Metre,1952.1
A18.72.17,approved quality for new work.,200 mm dia Ductile Iron Class K-9 pipes,Metre,2673.9
A18.72.18,approved quality for new work.,250 mm dia Ductile Iron Class K-9 pipes,Metre,3729.5
A18.72.19,approved quality for new work.,300 mm dia Ductile Iron Class K-9 pipes,Metre,4662.9
A18.72.20,approved quality for new work.,350 mm dia Ductile Iron Class K-9 pipes,Metre,5693.8
A18.72.21,approved quality for new work.,400 mm dia Ductile Iron Class K-9 pipes,Metre,7291.6
A18.72.22,approved quality for new work.,450 mm dia Ductile Iron Class K-9 pipes,Metre,8480.2
A18.72.23,approved quality for new work.,500 mm dia Ductile Iron Class K-9 pipes,Metre,10612.5
A18.72.24,approved quality for new work.,600 mm dia Ductile Iron Class K-9 pipes,Metre,12824.1
A18.72.25,approved quality for new work.,700 mm dia Ductile Iron Class K-9 pipes,Metre,17773.8
A18.72.26,approved quality for new work.,750 mm dia Ductile Iron Class K-9 pipes,Metre,19229.3
A18.72.27,approved quality for new work.,camie Montene is st fen - 800 mm dia Ductile Iron Class K-9 pipes,Metre,19448.8
A18.72.28,approved quality for new work.,camie Montene is st fen - 900 mm dia Ductile Iron Class K-9 pipes,Metre,23603.7
A18.72.29,approved quality for new work.,camie Montene is st fen - 1000 mm dia Ductile Iron Class K-9 pipes,Metre,26452.1
A18.73.1,approved quality for new work.,Providing and laying Double Flanged (Screwed/ Welded) - 100 mm dia Ductile Iron Double Flanged,Metre,1859.8
A18.73.2,approved quality for new work.,Providing and laying Double Flanged (Screwed/ Welded) - 150 mm dia Ductile Iron Double Flanged,Metre,2789.5
A18.73.3,approved quality for new work.,Providing and laying Double Flanged (Screwed/ Welded) - 200 mm dia Ductile Iron Double Flanged,Metre,3515.1
A18.73.4,approved quality for new work.,Providing and laying Double Flanged (Screwed/ Welded) - 250 mm dia Ductile Iron Double Flanged,Metre,4989.7
A18.73.5,approved quality for new work.,300 mm dia Ductile Iron Double Flanged,Metre,6410.7
A18.73.6,approved quality for new work.,350 mm dia Ductile Iron Double Flanged,Metre,8074.2
A18.73.7,approved quality for new work.,400 mm dia Ductile Iron Double Flanged,Metre,10366.9
A18.73.8,approved quality for new work.,450 mm dia Ductile Iron Double Flanged,Metre,10910.1
A18.73.9,approved quality for new work.,500 mm dia Ductile Iron Double Flanged,Metre,15444.9
A18.73.10,approved quality for new work.,600 mm dia Ductile Iron Double Flanged,Metre,20448.7
A18.73.11,approved quality for new work.,700 mm dia Ductile Iron Double Flanged,Metre,24229.0
A18.74.1,approved quality for new work.,Providing and fixing unplasticised P.V.C. connection pipe with - 15 mm nominal bore with 30cm length.,Each,116.8
A18.74.2,approved quality for new work.,Providing and fixing unplasticised P.V.C. connection pipe with - 15 mm nominal bore with 45cm length.,Each,138.4
A18.75.1,approved quality for new work.,"15 mm nominal bore, weighing not less than 32 gms.",Each,60.5
A18.75.2,approved quality for new work.,"20 mm nominal bore, weighing not les than 40 gms.",Each,100.0
A18.75.3,approved quality for new work.,"25 mm nominal bore, weighing not less than 62 gms.",Each,139.5
A18.76.1,approved quality for new work.,With common burnt clay F.P.S. (non modular) bricks,Each,401.4
A18.77,approved quality for new work.,drain pipe etc. with cement concrete 1:2:4 (1 cement : 2 coarse,Each,325.1
A18.78,finishing complete so as to make it leak proof.,and finishing with matching surface after housing G.I. pipe etc.,Metre,140.7
A18.79,finishing complete so as to make it leak proof.,cement : 3 coarse sand : 6 graded stone aggregate 20 mm,Metre,208.1
A18.82.1,finishing complete so as to make it leak proof.,"trenches after taking out the pipes, breaking lead caulked joints, pipes at site lead up to 50 metre: - 80 mm diameter C.|. pipe",Metre,267.1
A18.82.2,finishing complete so as to make it leak proof.,"trenches after taking out the pipes, breaking lead caulked joints, pipes at site lead up to 50 metre: - 100 mm diameter C.1. pipe",Metre,277.5
A18.82.3,finishing complete so as to make it leak proof.,"trenches after taking out the pipes, breaking lead caulked joints, pipes at site lead up to 50 metre: - 125 mm diameter C.1. pipe",Metre,287.3
A18.82.4,finishing complete so as to make it leak proof.,pipes at site lead up to 50 metre: - 150 mm diameter C.1. pipe,Metre,297.4
A18.82.5,finishing complete so as to make it leak proof.,pipes at site lead up to 50 metre: - 200 mm diameter C.1. pipe,Metre,330.7
A18.82.6,finishing complete so as to make it leak proof.,pipes at site lead up to 50 metre: - 250 mm diameter C.1. pipe,Metre,363.3
A18.82.7,finishing complete so as to make it leak proof.,300 mm diameter C.I. pipe,Metre,392.0
A18.82.8,finishing complete so as to make it leak proof.,350 mm diameter C.I. pipe,Metre,418.9
A18.82.9,finishing complete so as to make it leak proof.,400 mm diameter C.1. pipe,Metre,443.6
A18.82.10,finishing complete so as to make it leak proof.,450 mm diameter C.1. pipe,Metre,469.1
A18.82.11,finishing complete so as to make it leak proof.,500 mm diameter C.I. pipe,Metre,489.9
A18.82.12,finishing complete so as to make it leak proof.,600 mm diameter C.1. pipe,Metre,529.6
A18.83.2,finishing complete so as to make it leak proof.,100 mm diameter C.1. pipe,Each,197.4
A18.83.3,finishing complete so as to make it leak proof.,125 mm diameter C.1. pipe,Each,183.8
A18.83.4,finishing complete so as to make it leak proof.,150 mm diameter C.1. pipe,Each,248.3
A18.83.5,finishing complete so as to make it leak proof.,200 mm diameter C.1. pipe,Each,331.3
A18.83.6,finishing complete so as to make it leak proof.,250 mm diameter C.1. pipe,Each,411.2
A18.83.7,finishing complete so as to make it leak proof.,300 mm diameter C.I. pipe,Each,494.1
A18.83.8,finishing complete so as to make it leak proof.,350 mm diameter C.I. pipe,Each,574.0
A18.83.9,finishing complete so as to make it leak proof.,400 mm diameter C.1. pipe,Each,656.5
A18.83.10,finishing complete so as to make it leak proof.,450 mm diameter C.1. pipe,Each,736.9
A18.83.11,finishing complete so as to make it leak proof.,500 mm diameter C.I. pipe,Each,819.4
A18.83.12,finishing complete so as to make it leak proof.,600 mm diameter C.1. pipe,Each,976.3
A18.84.1,finishing complete so as to make it leak proof.,Providing and fixing chrome plated Brass battery based infra red - 15 mm nominal bore,Each,9575.3
A18.85.1,finishing complete so as to make it leak proof.,Engineer-in-charge. (The pipe length inserted in the fitting shall not be measured for payment); Internal Work-exposed on wall - 15.88 mm outer dia pipe,Metre,338.5
A18.85.2,finishing complete so as to make it leak proof.,Engineer-in-charge. (The pipe length inserted in the fitting shall not be measured for payment); Internal Work-exposed on wall - 22.22 mm outer dia pipe,Metre,524.6
A18.85.3,finishing complete so as to make it leak proof.,Engineer-in-charge. (The pipe length inserted in the fitting shall not be measured for payment); Internal Work-exposed on wall - 28.58 mm outer dia pipe,Metre,614.0
A18.85.4,finishing complete so as to make it leak proof.,Engineer-in-charge. (The pipe length inserted in the fitting shall not be measured for payment); Internal Work-exposed on wall - 34.00 mm outer dia pipe,Metre,821.4
A18.85.5,finishing complete so as to make it leak proof.,not be measured for payment); Internal Work-exposed on wall - 42.70 mm outer dia pipe,Metre,851.4
A18.85.6,finishing complete so as to make it leak proof.,not be measured for payment); Internal Work-exposed on wall - 48.60 mm outer dia pipe,Metre,1129.6
A18.86.1,finishing complete so as to make it leak proof.,direction of Engineer-in-charge. (The pipe length inserted in the fitting shall not be measured for payment); Internal Work- - 15.88 mm outer dia pipe,Metre,478.3
A18.86.2,finishing complete so as to make it leak proof.,22.22 mm outer dia pipe,Metre,664.4
A18.87.1,finishing complete so as to make it leak proof.,design of grade AISI 304 conforming to JWWA G116 standard with of required dia as per direction of Engineer-in-charge; (Coupling - For 15.88 mm outer dia pipe,Each,97.1
A18.87.2,finishing complete so as to make it leak proof.,of required dia as per direction of Engineer-in-charge; (Coupling - For 22.22 mm outer dia pipe,Each,103.7
A18.87.3,finishing complete so as to make it leak proof.,of required dia as per direction of Engineer-in-charge; (Coupling - For 28.58 mm outer dia pipe,Each,146.5
A18.87.4,finishing complete so as to make it leak proof.,of required dia as per direction of Engineer-in-charge; (Coupling - For 34.00 mm outer dia pipe,Each,215.7
A18.87.5,finishing complete so as to make it leak proof.,For 42.20 mm outer dia pipe,Each,260.1
A18.87.6,finishing complete so as to make it leak proof.,For 48.60 mm outer dia pipe,Each,296.3
A18.88.1,finishing complete so as to make it leak proof.,V-profile or M-profile or O-ring sealing gasket of EPDM material of required as per direction of Engineer-in-charge; (Reducer) - For 22.22 mm x 15.88 mm outer dia pipe,Each,169.6
A18.88.2,finishing complete so as to make it leak proof.,V-profile or M-profile or O-ring sealing gasket of EPDM material of required as per direction of Engineer-in-charge; (Reducer) - For 28.58 mm x 15.88 mm outer dia pipe,Each,232.1
A18.88.3,finishing complete so as to make it leak proof.,V-profile or M-profile or O-ring sealing gasket of EPDM material of required as per direction of Engineer-in-charge; (Reducer) - For 28.58 mm x 22.22 mm outer dia pipe,Each,238.7
A18.88.4,finishing complete so as to make it leak proof.,V-profile or M-profile or O-ring sealing gasket of EPDM material of required as per direction of Engineer-in-charge; (Reducer) - For 34.00 mm x 15.88 mm outer dia pipe,Each,452.8
A18.88.5,finishing complete so as to make it leak proof.,required as per direction of Engineer-in-charge; (Reducer) - For 34.00 mm x 22.22 mm outer dia pipe,Each,307.9
A18.88.6,finishing complete so as to make it leak proof.,required as per direction of Engineer-in-charge; (Reducer) - For 34.00 mm x 28.58 mm outer dia pipe,Each,312.8
A18.88.7,finishing complete so as to make it leak proof.,For 42.70 mm x 15.88 mm outer dia pipe,Each,591.0
A18.88.8,finishing complete so as to make it leak proof.,For 42.70 mm x 22.22 mm outer dia pipe,Each,596.0
A18.88.9,finishing complete so as to make it leak proof.,For 42.70 mm x 28.58 mm outer dia pipe,Each,596.0
A18.88.10,finishing complete so as to make it leak proof.,For 42.70 mm x 34.00 mm outer dia pipe,Each,637.1
A18.88.11,finishing complete so as to make it leak proof.,For 48.60 mm x 15.88 mm outer dia pipe,Each,675.0
A18.88.12,finishing complete so as to make it leak proof.,For 48.60 mm x 22.22 mm outer dia pipe,Each,1009.0
A18.88.13,finishing complete so as to make it leak proof.,For 48.60 mm x 28.58 mm outer dia pipe,Each,675.0
A18.88.14,finishing complete so as to make it leak proof.,For 48.60 mm x 34.00 mm outer dia pipe,Each,675.0
A18.88.15,finishing complete so as to make it leak proof.,For 48.60 mm x 42.70 mm outer dia pipe,Each,675.0
A18.89.1,finishing complete so as to make it leak proof.,of required dia as per direction of Engineer-in-charge; (Slip Coupling/Socket) - For 15.88 mm outer dia pipe,Each,77.4
A18.89.2,finishing complete so as to make it leak proof.,of required dia as per direction of Engineer-in-charge; (Slip Coupling/Socket) - For 22.22 mm outer dia pipe,Each,103.7
A18.89.3,finishing complete so as to make it leak proof.,of required dia as per direction of Engineer-in-charge; (Slip Coupling/Socket) - For 28.58 mm outer dia pipe,Each,146.5
A18.89.4,finishing complete so as to make it leak proof.,of required dia as per direction of Engineer-in-charge; (Slip Coupling/Socket) - For 34.00 mm outer dia pipe,Each,322.4
A18.89.5,finishing complete so as to make it leak proof.,came Mn atten etki steno - For 42.70 mm outer dia pipe,Each,260.1
A18.89.6,finishing complete so as to make it leak proof.,came Mn atten etki steno - For 48.60 mm outer dia pipe,Each,279.9
A18.90.1,finishing complete so as to make it leak proof.,design of grade AISI 304 conforming to JWWA G116 standard with of required dia as per direction of Engineer-in-charge; (Elbow 90 - For 15.88 mm outer dia pipe,Each,95.5
A18.90.2,finishing complete so as to make it leak proof.,of required dia as per direction of Engineer-in-charge; (Elbow 90 - For 22.22 mm outer dia pipe,Each,103.7
A18.90.3,finishing complete so as to make it leak proof.,of required dia as per direction of Engineer-in-charge; (Elbow 90 - For 28.58 mm outer dia pipe,Each,158.0
A18.90.4,finishing complete so as to make it leak proof.,of required dia as per direction of Engineer-in-charge; (Elbow 90 - For 34.00 mm outer dia pipe,Each,179.5
A18.90.5,finishing complete so as to make it leak proof.,For 42.70 mm outer dia pipe,Each,191.0
A18.90.6,finishing complete so as to make it leak proof.,For 48.60 mm outer dia pipe,Each,246.9
A18.91.1,finishing complete so as to make it leak proof.,of required dia as per direction of Engineer-in-charge; (Reducing Elbow 90 degree) - For 22.22 mmx15.88 mm outer dia pipe,Each,243.7
A18.91.2,finishing complete so as to make it leak proof.,of required dia as per direction of Engineer-in-charge; (Reducing Elbow 90 degree) - For 28.58 mmx15.88 mm outer dia pipe,Each,314.4
A18.91.3,finishing complete so as to make it leak proof.,of required dia as per direction of Engineer-in-charge; (Reducing Elbow 90 degree) - For 28.58 mmx22.22 mm outer dia pipe,Each,363.8
A18.91.4,finishing complete so as to make it leak proof.,of required dia as per direction of Engineer-in-charge; (Reducing Elbow 90 degree) - For 34.00 mmx22.22 mm outer dia pipe,Each,472.5
A18.91.5,finishing complete so as to make it leak proof.,Elbow 90 degree) - For 34.00 mmx28.58 mm outer dia pipe,Each,568.0
A18.91.6,finishing complete so as to make it leak proof.,Elbow 90 degree) - For 42.70 mmx34.00 mm outer dia pipe,Each,294.7
A18.92.1,finishing complete so as to make it leak proof.,design of grade AISI 304 conforming to JWWA G116 standard with of required dia as per direction of Engineer-in-charge; (Equall - For 15.88 mm outer dia pipe,Each,261.8
A18.92.2,finishing complete so as to make it leak proof.,of required dia as per direction of Engineer-in-charge; (Equall - For 22.22 mm outer dia pipe,Each,380.3
A18.92.3,finishing complete so as to make it leak proof.,of required dia as per direction of Engineer-in-charge; (Equall - For 28.58 mm outer dia pipe,Each,449.4
A18.92.4,finishing complete so as to make it leak proof.,of required dia as per direction of Engineer-in-charge; (Equall - For 34.00 mm outer dia pipe,Each,719.4
A18.92.5,finishing complete so as to make it leak proof.,For 42.70 mm outer dia pipe,Each,1124.4
A18.92.6,finishing complete so as to make it leak proof.,For 48.60 mm outer dia pipe,Each,1460.3
A18.93.1,finishing complete so as to make it leak proof.,design of grade AISI 304 conforming to JWWA G116 standard with of required dia as per direction of Engineer-in-charge; (Recucing - For 22.22 x 15.88 mm outer dia pipe,Each,294.7
A18.93.2,finishing complete so as to make it leak proof.,of required dia as per direction of Engineer-in-charge; (Recucing - For 28.58 x 15.88 mm outer dia pipe,Each,449.4
A18.93.3,finishing complete so as to make it leak proof.,of required dia as per direction of Engineer-in-charge; (Recucing - For 28.58 x 22.22 mm outer dia pipe,Each,671.9
A18.93.4,finishing complete so as to make it leak proof.,“camse Main try sa a safes Ma - For 34.00 x 15.88 mm outer dia pipe,Each,719.4
A18.93.5,finishing complete so as to make it leak proof.,“camse Main try sa a safes Ma - For 34.00 x 22.22 mm outer dia pipe,Each,1075.5
A18.93.6,finishing complete so as to make it leak proof.,“camse Main try sa a safes Ma - For 34.00 x 28.58 mm outer dia pipe,Each,719.4
A18.93.7,finishing complete so as to make it leak proof.,“camse Main try sa a safes Ma - For 42.70 x 15.88 mm outer dia pipe,Each,1124.4
A18.93.8,finishing complete so as to make it leak proof.,“camse Main try sa a safes Ma - For 42.70 x 22.22 mm outer dia pipe,Each,1124.4
A18.93.9,finishing complete so as to make it leak proof.,“camse Main try sa a safes Ma - For 42.70 x 28.58 mm outer dia pipe,Each,1124.4
A18.93.10,finishing complete so as to make it leak proof.,For 42.70 x 34.00 mm outer dia pipe,Each,1124.4
A18.93.11,finishing complete so as to make it leak proof.,For 48.60 x 15.88 mm outer dia pipe,Each,1460.3
A18.93.12,finishing complete so as to make it leak proof.,For 48.60 x 22.22 mm outer dia pipe,Each,1460.3
A18.93.13,finishing complete so as to make it leak proof.,For 48.60 x 28.58 mm outer dia pipe,Each,1460.3
A18.93.14,finishing complete so as to make it leak proof.,For 48.60 x 34.00 mm outer dia pipe,Each,1460.3
A18.93.15,finishing complete so as to make it leak proof.,For 48.60 x 42.70 mm outer dia pipe,Each,1460.3
A18.94.1,finishing complete so as to make it leak proof.,For 15.88 mm outer dia x 15 mm nominal dia threaded,Each,294.7
A18.94.2,finishing complete so as to make it leak proof.,For 22.22 mm outer dia x 15 mm nominal dia threaded,Each,329.3
A18.94.3,finishing complete so as to make it leak proof.,For 22.22 mm outer dia x 20 mm nominal dia threaded,Each,337.5
A18.94.4,finishing complete so as to make it leak proof.,For 28.58 mm outer dia x 15 mm nominal dia threaded,Each,449.4
A18.94.5,finishing complete so as to make it leak proof.,For 28.58 mm outer dia x 20 mm nominal dia threaded,Each,449.4
A18.94.6,finishing complete so as to make it leak proof.,For 28.58 mm outer dia x 25 mm nominal dia threaded,Each,449.4
A18.94.7,finishing complete so as to make it leak proof.,For 34.00 mm outer dia x 15 mm nominal dia threaded,Each,719.4
A18.94.8,finishing complete so as to make it leak proof.,For 34.00 mm outer dia x 20 mm nominal dia threaded,Each,719.4
A18.94.9,finishing complete so as to make it leak proof.,For 34.00 mm outer dia x 25 mm nominal dia threaded,Each,719.4
A18.94.10,finishing complete so as to make it leak proof.,For 34.00 mm outer dia x 32 mm nominal dia threaded,Each,1075.5
A18.94.11,finishing complete so as to make it leak proof.,For 42.70 mm outer dia x 15 mm nominal dia threaded,Each,1124.4
A18.94.12,finishing complete so as to make it leak proof.,For 42.70 mm outer dia x 20 mm nominal dia threaded,Each,1124.4
A18.94.13,finishing complete so as to make it leak proof.,For 42.70 mm outer dia x 25 mm nominal dia threaded,Each,1124.4
A18.94.14,finishing complete so as to make it leak proof.,For 42.70 mm outer dia x 32 mm nominal dia threaded,Each,1124.4
A18.94.15,finishing complete so as to make it leak proof.,For 42.70 mm outer dia x 40 mm nominal dia threaded,Each,1124.4
A18.94.16,finishing complete so as to make it leak proof.,For 48.60 mm outer dia x 15 mm nominal dia threaded,Each,1460.3
A18.94.17,finishing complete so as to make it leak proof.,For 48.60 mm outer dia x 20 mm nominal dia threaded,Each,1460.3
A18.94.18,finishing complete so as to make it leak proof.,For 48.60 mm outer dia x 25 mm nominal dia threaded,Each,1460.3
A18.94.19,finishing complete so as to make it leak proof.,For 48.60 mm outer dia x 32 mm nominal dia threaded,Each,1460.3
A18.94.20,finishing complete so as to make it leak proof.,For 48.60 mm outer dia x 40 mm nominal dia threaded,Each,1460.3
A18.94.21,finishing complete so as to make it leak proof.,For 48.60 mm outer dia x 50 mm nominal dia threaded,Each,1460.3
A18.95.1,finishing complete so as to make it leak proof.,For 15.88 mm outer dia x 15 mm nominal dia threaded,Each,294.7
A18.95.2,finishing complete so as to make it leak proof.,For 22.22 mm outer dia x 15 mm nominal dia threaded,Each,329.3
A18.95.3,finishing complete so as to make it leak proof.,For 22.22 mm outer dia x 20 mm nominal dia threaded,Each,329.3
A18.95.4,finishing complete so as to make it leak proof.,For 28.58 mm outer dia x 15 mm nominal dia threaded,Each,449.4
A18.95.5,finishing complete so as to make it leak proof.,For 28.58 mm outer dia x 20 mm nominal dia threaded,Each,449.4
A18.95.6,finishing complete so as to make it leak proof.,For 28.58 mm outer dia x 25 mm nominal dia threaded,Each,449.4
A18.95.7,finishing complete so as to make it leak proof.,For 34.00 mm outer dia x 15 mm nominal dia threaded,Each,719.4
A18.95.8,finishing complete so as to make it leak proof.,For 34.00 mm outer dia x 20 mm nominal dia threaded,Each,719.4
A18.95.9,finishing complete so as to make it leak proof.,For 34.00 mm outer dia x 25 mm nominal dia threaded,Each,719.4
A18.95.10,finishing complete so as to make it leak proof.,For 34.00 mm outer dia x 32 mm nominal dia threaded,Each,719.4
A18.95.11,finishing complete so as to make it leak proof.,For 42.70 mm outer dia x 15 mm nominal dia threaded,Each,1124.4
A18.95.12,finishing complete so as to make it leak proof.,For 42.70 mm outer dia x 20 mm nominal dia threaded,Each,1124.4
A18.95.13,finishing complete so as to make it leak proof.,For 42.70 mm outer dia x 25 mm nominal dia threaded,Each,1124.4
A18.95.14,finishing complete so as to make it leak proof.,For 42.70 mm outer dia x 32 mm nominal dia threaded,Each,1124.4
A18.95.15,finishing complete so as to make it leak proof.,For 42.70 mm outer dia x 40 mm nominal dia threaded,Each,1124.4
A18.95.16,finishing complete so as to make it leak proof.,For 48.60 mm outer dia x 15 mm nominal dia threaded,Each,1460.3
A18.95.17,finishing complete so as to make it leak proof.,For 48.60 mm outer dia x 20 mm nominal dia threaded,Each,1460.3
A18.95.18,finishing complete so as to make it leak proof.,For 48.60 mm outer dia x 25 mm nominal dia threaded,Each,1460.3
A18.95.19,finishing complete so as to make it leak proof.,For 48.60 mm outer dia x 32 mm nominal dia threaded,Each,1460.3
A18.95.20,finishing complete so as to make it leak proof.,For 48.60 mm outer dia x 40 mm nominal dia threaded,Each,1460.3
A18.95.21,finishing complete so as to make it leak proof.,For 48.60 mm outer dia x 50 mm nominal dia threaded,Each,1460.3
A18.96.1,finishing complete so as to make it leak proof.,For 15.88 mm outer dia x 15 mm nominal dia threaded,Each,312.8
A18.96.2,finishing complete so as to make it leak proof.,For 22.22 mm outer dia x 15 mm nominal dia threaded,Each,379.0
A18.96.3,finishing complete so as to make it leak proof.,For 22.22 mm outer dia x 20 mm nominal dia threaded,Each,390.2
A18.96.4,finishing complete so as to make it leak proof.,For 28.58 mm outer dia x 15 mm nominal dia threaded,Each,456.0
A18.96.5,finishing complete so as to make it leak proof.,For 28.58 mm outer dia x 20 mm nominal dia threaded,Each,470.9
A18.96.6,finishing complete so as to make it leak proof.,For 28.58 mm outer dia x 25 mm nominal dia threaded,Each,554.8
A18.96.7,finishing complete so as to make it leak proof.,For 34.00 mm outer dia x 25 mm nominal dia threaded,Each,673.3
A18.96.8,finishing complete so as to make it leak proof.,For 34.00 mm outer dia x 32 mm nominal dia threaded,Each,885.7
A18.96.9,finishing complete so as to make it leak proof.,For 42.70 mm outer dia x 32 mm nominal dia threaded,Each,948.3
A18.96.10,finishing complete so as to make it leak proof.,For 42.70 mm outer dia x 40 mm nominal dia threaded,Each,1121.2
A18.96.11,finishing complete so as to make it leak proof.,For 48.60 mm outer dia x 40 mm nominal dia threaded,Each,1379.6
A18.96.12,finishing complete so as to make it leak proof.,For 48.60 mm outer dia x 50 mm nominal dia threaded,Each,1588.7
A18.97.1,finishing complete so as to make it leak proof.,For 15.88 mm outer dia x 15 mm nominal dia threaded,Each,317.7
A18.97.2,finishing complete so as to make it leak proof.,For 22.22 mm outer dia x 15 mm nominal dia threaded,Each,373.7
A18.97.3,finishing complete so as to make it leak proof.,For 22.22 mm outer dia x 20 mm nominal dia threaded,Each,408.3
A18.97.4,finishing complete so as to make it leak proof.,For 28.58 mm outer dia x 20 mm nominal dia threaded,Each,515.3
A18.97.5,finishing complete so as to make it leak proof.,For 28.58 mm outer dia x 25 mm nominal dia threaded,Each,526.8
A18.97.6,finishing complete so as to make it leak proof.,For 34.00 mm outer dia x 25 mm nominal dia threaded,Each,759.0
A18.97.7,finishing complete so as to make it leak proof.,For 34.00 mm outer dia x 32 mm nominal dia threaded,Each,930.2
A18.97.8,finishing complete so as to make it leak proof.,For 42.70 mm outer dia x 32 mm nominal dia threaded,Each,1068.5
A18.97.9,finishing complete so as to make it leak proof.,For 42.70 mm outer dia x 40 mm nominal dia threaded,Each,1195.2
A18.97.10,finishing complete so as to make it leak proof.,For 48.60 mm outer dia x 40 mm nominal dia threaded,Each,1382.9
A18.97.11,finishing complete so as to make it leak proof.,For 48.60 mm outer dia x 50 mm nominal dia threaded,Each,1873.5
A18.98.1,finishing complete so as to make it leak proof.,For 15.88 mm outer dia x 15 mm nominal dia threaded,Each,385.2
A18.98.2,finishing complete so as to make it leak proof.,For 22.22 mm outer dia x 15 mm nominal dia threaded,Each,454.4
A18.98.3,finishing complete so as to make it leak proof.,For 22.22 mm outer dia x 20 mm nominal dia threaded,Each,485.7
A18.98.4,finishing complete so as to make it leak proof.,For 28.58 mm outer dia x 25 mm nominal dia threaded,Each,698.0
A18.98.5,finishing complete so as to make it leak proof.,For 34.00 mm outer dia x 32 mm nominal dia threaded,Each,1548.0
A18.98.6,finishing complete so as to make it leak proof.,For 42.70 mm outer dia x 40 mm nominal dia threaded,Each,1440.5
A18.98.7,finishing complete so as to make it leak proof.,For 48.60 mm outer dia x 50 mm nominal dia threaded,Each,1936.1
A18.99.1,finishing complete so as to make it leak proof.,For 15.88 mm outer dia x 15 mm nominal dia threaded,Each,246.9
A18.99.2,finishing complete so as to make it leak proof.,For 22.22 mm outer dia x 15 mm nominal dia threaded,Each,314.4
A18.99.3,finishing complete so as to make it leak proof.,For 22.22 mm outer dia x 20 mm nominal dia threaded,Each,470.1
A18.99.4,finishing complete so as to make it leak proof.,For 25.58 mm outer dia x 25 mm nominal dia threaded,Each,337.5
A18.99.5,finishing complete so as to make it leak proof.,For 34.00 mm outer dia x 32 mm nominal dia threaded,Each,472.5
A18.99.6,finishing complete so as to make it leak proof.,For 42.70 mm outer dia x 32 mm nominal dia threaded,Each,786.9
A18.99.7,finishing complete so as to make it leak proof.,For 42.70 mm outer dia x 40 mm nominal dia threaded,Each,786.9
A18.99.8,finishing complete so as to make it leak proof.,For 48.60 mm outer dia x 40 mm nominal dia threaded,Each,1124.4
A18.99.9,finishing complete so as to make it leak proof.,For 48.60 mm outer dia x 50 mm nominal dia threaded,Each,1124.4
A18.100.1,finishing complete so as to make it leak proof.,For 15.88 mm outer dia x 15 mm nominal dia threaded,Each,314.4
A18.100.2,finishing complete so as to make it leak proof.,For 22.22 mm outer dia x 15 mm nominal dia threaded,Each,337.5
A18.100.3,finishing complete so as to make it leak proof.,For 22.22 mm outer dia x 20 mm nominal dia threaded,Each,337.5
A18.100.4,finishing complete so as to make it leak proof.,For 28.58 mm outer dia x 25 mm nominal dia threaded,Each,3388.2
A18.100.5,finishing complete so as to make it leak proof.,For 34.00 mm outer dia x 25 mm nominal dia threaded,Each,472.5
A18.100.6,finishing complete so as to make it leak proof.,For 34.00 mm outer dia x 32 mm nominal dia threaded,Each,472.5
A18.100.7,finishing complete so as to make it leak proof.,For 42.70 mm outer dia x 32 mm nominal dia threaded,Each,786.9
A18.100.8,finishing complete so as to make it leak proof.,For 42.70 mm outer dia x 40 mm nominal dia threaded,Each,786.9
A18.100.9,finishing complete so as to make it leak proof.,For 48.60 mm outer dia x 40 mm nominal dia threaded,Each,1124.4
A18.100.10,finishing complete so as to make it leak proof.,For 48.60 mm outer dia x 50 mm nominal dia threaded,Each,1124.4
A18.101.1,finishing complete so as to make it leak proof.,design of grade AISI 304 conforming to JWWA G116 standard with of required dia as per direction of Engineer-in-charge: (Cap) - For 15.88 mm outer dia pipe,Each,74.1
A18.101.2,finishing complete so as to make it leak proof.,design of grade AISI 304 conforming to JWWA G116 standard with of required dia as per direction of Engineer-in-charge: (Cap) - For 22.22 mm outer dia pipe,Each,105.4
A18.101.3,finishing complete so as to make it leak proof.,design of grade AISI 304 conforming to JWWA G116 standard with of required dia as per direction of Engineer-in-charge: (Cap) - For 28.58 mm outer dia pipe,Each,138.3
A18.101.4,finishing complete so as to make it leak proof.,of required dia as per direction of Engineer-in-charge: (Cap) - For 34.00 mm outer dia pipe,Each,268.4
A18.101.5,finishing complete so as to make it leak proof.,of required dia as per direction of Engineer-in-charge: (Cap) - For 42.70 mm outer dia pipe,Each,388.5
A18.101.6,finishing complete so as to make it leak proof.,of required dia as per direction of Engineer-in-charge: (Cap) - For 48.60 mm outer dia pipe,Each,492.3
A18.102.1,finishing complete so as to make it leak proof.,design of grade AISI 304 conforming to JWWA G116 standard with of required dia as per direction of Engineer-in-charge: (Pipe - For 15.88 mm outer dia pipe,Each,352.3
A18.102.2,finishing complete so as to make it leak proof.,of required dia as per direction of Engineer-in-charge: (Pipe - For 22.22 mm outer dia pipe,Each,446.2
A18.102.3,finishing complete so as to make it leak proof.,of required dia as per direction of Engineer-in-charge: (Pipe - For 28.58 mm outer dia pipe,Each,670.1
A19.1.1,19.0 DRAINAGE,"Providing, laying and jointing glazed stoneware pipes class SP-1 cement : 1 fine sand) including testing of joints etc. complete: - 100 mm diameter",Metre,326.0
A19.1.2,19.0 DRAINAGE,"Providing, laying and jointing glazed stoneware pipes class SP-1 cement : 1 fine sand) including testing of joints etc. complete: - 150 mm diameter",Metre,529.6
A19.1.3,19.0 DRAINAGE,"Providing, laying and jointing glazed stoneware pipes class SP-1 cement : 1 fine sand) including testing of joints etc. complete: - 200 mm diameter",Metre,876.2
A19.1.4,19.0 DRAINAGE,"Providing, laying and jointing glazed stoneware pipes class SP-1 cement : 1 fine sand) including testing of joints etc. complete: - 250 mm diameter",Metre,1316.8
A19.1.5,19.0 DRAINAGE,cement : 1 fine sand) including testing of joints etc. complete: - 300 mm diameter,Metre,1838.8
A19.2.1,19.0 DRAINAGE,Providing and laying cement concrete 1:5:10 (1 cement : 5 coarse S.W. pipes including bed concrete as per standard design : - 100 mm diameter S.W. pipe,Metre,1154.2
A19.2.2,19.0 DRAINAGE,Providing and laying cement concrete 1:5:10 (1 cement : 5 coarse S.W. pipes including bed concrete as per standard design : - 150 mm diameter S.W. pipe,Metre,1411.6
A19.2.3,19.0 DRAINAGE,Providing and laying cement concrete 1:5:10 (1 cement : 5 coarse S.W. pipes including bed concrete as per standard design : - 200 mm diameter S.W. pipe,Metre,1645.6
A19.2.5,19.0 DRAINAGE,Providing and laying cement concrete 1:5:10 (1 cement : 5 coarse S.W. pipes including bed concrete as per standard design : - 250 mm diameter S.W. pipe,Metre,1902.9
A19.3.1,19.0 DRAINAGE,Providing and laying cement concrete 1:5:10 (1 cement : 5 coarse haunches of S.W. pipes including bed concrete as per standard - 100 mm diameter S.W. pipe,Metre,548.6
A19.3.2,19.0 DRAINAGE,Providing and laying cement concrete 1:5:10 (1 cement : 5 coarse haunches of S.W. pipes including bed concrete as per standard - 150 mm diameter S.W. pipe,Metre,889.1
A19.3.3,19.0 DRAINAGE,Providing and laying cement concrete 1:5:10 (1 cement : 5 coarse haunches of S.W. pipes including bed concrete as per standard - 200 mm diameter S.W. pipe,Metre,1045.1
A19.3.4,19.0 DRAINAGE,haunches of S.W. pipes including bed concrete as per standard - 250 mm diameter S.W. pipe,Metre,1216.6
A19.3.5,19.0 DRAINAGE,haunches of S.W. pipes including bed concrete as per standard - 300 mm diameter S.W. pipe,Metre,1403.8
A19.4.1.2,19.0 DRAINAGE,MF With Sewer bricks conforming to IS 4885,Each,2763.9
A19.4.2.2,19.0 DRAINAGE,MF With Sewer bricks conforming to IS:4885,Each,2772.6
A19.4.3.2,19.0 DRAINAGE,MF | With Sewer bricks conforming to IS : 4885,Each,2893.6
A19.5.1,19.0 DRAINAGE,Dismantling of old S.W. pipes including breaking of joints and bed concrete stacking of useful materials near the site within 50 m - 100 mm diameter,Metre,51.2
A19.5.2,19.0 DRAINAGE,concrete stacking of useful materials near the site within 50 m - '150 mm diameter,Metre,56.6
A19.5.3,19.0 DRAINAGE,concrete stacking of useful materials near the site within 50 m - 200 mm diameter,Metre,60.2
A19.5.5,19.0 DRAINAGE,'250 mm diameter,Metre,63.8
A19.5.6,19.0 DRAINAGE,300 mm diameter,Metre,67.4
A19.5.7,19.0 DRAINAGE,'350 mm diameter,Metre,77.7
A19.5.8,19.0 DRAINAGE,400 mm diameter,Metre,84.9
A19.5.9,19.0 DRAINAGE,‘450 mm diameter,Metre,88.5
A19.6.1,19.0 DRAINAGE,pipes with collars jointed with stiff mixture of cement mortar in joints etc. complete: - 100 mm dia. R.C.C. pipe,Metre,464.7
A19.6.2,19.0 DRAINAGE,pipes with collars jointed with stiff mixture of cement mortar in joints etc. complete: - '150 mm dia. R.C.C. pipe,Metre,511.3
A19.6.3,19.0 DRAINAGE,pipes with collars jointed with stiff mixture of cement mortar in joints etc. complete: - 250 mm dia. R.C.C. pipe,Metre,828.9
A19.6.5,19.0 DRAINAGE,joints etc. complete: - 450 mm dia. R.C.C. pipe,Metre,1575.4
A19.6.6,19.0 DRAINAGE,joints etc. complete: - ‘500 mm dia. R.C.C. pipe,Metre,1893.8
A19.6.7,19.0 DRAINAGE,600 mm dia. R.C.C. pipe,Metre,2237.9
A19.6.8,19.0 DRAINAGE,'700 mm dia. R.C.C. pipe,Metre,2924.0
A19.6.9,19.0 DRAINAGE,800 mm dia. R.C.C. pipe,Metre,3514.6
A19.6.10,19.0 DRAINAGE,‘900 mm dia. R.C.C. pipe,Metre,4767.1
A19.6.11,19.0 DRAINAGE,1000 mm dia. R.C.C. pipe,Metre,5562.4
A19.6.12,19.0 DRAINAGE,'1100 mm dia. R.C.C. pipe,Metre,6221.8
A19.6.13,19.0 DRAINAGE,1200 mm dia. R.C.C. pipe,Metre,6942.8
A19.7.1.2,19.0 DRAINAGE,MF | With Sewer bricks conforming to IS : 4885,Each,13990.8
A19.7.2.1,19.0 DRAINAGE,and weight of frame 58 kg) With common burnt clay F.P.S. (non modular)bricks of class - MF designation 7.5,Each,31993.8
A19.7.2.2,19.0 DRAINAGE,MF With Sewer bricks conforming to IS : 4885,Each,28512.0
A19.7.3.2,19.0 DRAINAGE,MF | With Sewer bricks conforming to IS : 4885,Each,35623.1
A19.8.1.1,19.0 DRAINAGE,With common burnt clay F.P.S. (non modular)bricks of class With common burnt clay F.P.S.(non modular) bricks of class - MF designation 7.5,Metre,12093.7
A19.8.1.2,19.0 DRAINAGE,MF With Sewer bricks conforming to IS : 4885,Metre,8387.2
A19.8.2.1,19.0 DRAINAGE,With common burnt clay F.P.S.(non modular) bricks of class With common burnt clay F.P.S.(non modular) bricks of class - MF designation 7.5,Metre,14470.4
A19.8.2.2,19.0 DRAINAGE,MF With Sewer bricks conforming to IS : 4885,Metre,10052.6
A19.9.1.1,19.0 DRAINAGE,for separately): With common burnt clay F.P.S.(non modular) bricks of class - MF designation 7.5,Each,10504.0
A19.9.1.2,19.0 DRAINAGE,MF With Sewer bricks conforming to IS : 4885,Each,13914.6
A19.10.2,19.0 DRAINAGE,Extra depth for circuler type manhole 0.91m internal dia (at With common burnt clay F.P.S. (non modular) bricks of class - With Sewer bricks conforming IS : 4885,Metre,7236.7
A19.11.1.2,19.0 DRAINAGE,MF | With Sewer bricks conforming IS : 4885,Each,26651.1
A19.12.1,19.0 DRAINAGE,Extra depth for circular type manhole 1.22m internal dia (at With common burnt clay F.P.S (non-modular) bricks of class - MF designation 7.5,Metre,13398.8
A19.12.2,19.0 DRAINAGE,MF | With Sewer bricks conforming to IS : 4885,Metre,9348.0
A19.13.1.1,19.0 DRAINAGE,cement plaster at the external surface shall be paid for With common burnt clay F.P.S (non-modular) bricks of class - MF designation 7.5,Each,43879.8
A19.13.1.2,19.0 DRAINAGE,MF | With Sewer bricks conforming to IS : 4885,Each,56127.5
A19.14.2,19.0 DRAINAGE,MF | With Sewer bricks conforming IS : 4885,Metre,21880.3
A19.15.1,19.0 DRAINAGE,(1 cement : 3 coarse sand : 6 graded stone aggregate 20 mm nominal size) as per standard design. - With 20x20 mm square bar,Each,449.8
A19.15.2,19.0 DRAINAGE,(1 cement : 3 coarse sand : 6 graded stone aggregate 20 mm nominal size) as per standard design. - With 20 mm diameter round bar,Each,391.6
A19.17.1,19.0 DRAINAGE,concrete blocks and fixing with 20x20x10cm cement concrete 20 mm nominal size). - With 20x20 mm square bar.,Each,532.1
A19.17.2,19.0 DRAINAGE,concrete blocks and fixing with 20x20x10cm cement concrete 20 mm nominal size). - With 20 mm diameter round bar.,Each,473.9
A19.19.1.1,19.0 DRAINAGE,Rectangular shape 600x450mm internal dimensions,Each,1576.8
A19.19.1.2,19.0 DRAINAGE,to be not less than 108 kg. Providing and fixing in position precast R.C.C. manhole cover and - Square shape 450mm internal dimensions,Each,1413.5
A19.19.1.3,19.0 DRAINAGE,to be not less than 108 kg. Providing and fixing in position precast R.C.C. manhole cover and - Circular shape 450mm internal diameter,Each,1312.5
A19.19.2.1,19.0 DRAINAGE,Square shape 450mm internal dimension,Each,1578.8
A19.19.2.2,19.0 DRAINAGE,Circular shape 500mm internal diameter,Each,1322.8
A19.19.3.1,19.0 DRAINAGE,Circular shape 560mm internal diameter,Each,1859.1
A19.19.4.1,19.0 DRAINAGE,comme men aa pn te iu - Circular shape 560mm internal diameter,Each,2336.6
A19.20,19.0 DRAINAGE,gully trap (standard pattern) the weight of cover to be not less,Each,812.3
A19.21.1,19.0 DRAINAGE,with a floating coat of neat cement and making necessary channels for the drain etc. complete: - For pipes 100 to 250 mm diameter,Each,619.7
A19.21.2,19.0 DRAINAGE,with a floating coat of neat cement and making necessary channels for the drain etc. complete: - For pipes 250 to 300 mm diameter,Each,747.5
A19.21.3,19.0 DRAINAGE,with a floating coat of neat cement and making necessary channels for the drain etc. complete: - For pipes 350 to 450 mm diameter,Each,1091.3
A19.22.1,19.0 DRAINAGE,100 mm dia sand cast iron drop connection,Each,9778.7
A19.22.2,19.0 DRAINAGE,150 mm dia sand cast iron drop connection,Each,13275.5
A19.23.1,19.0 DRAINAGE,For 100 mm dia sand cast iron drop connection,Metre,3001.9
A19.23.2,19.0 DRAINAGE,For 150 mm dia sand cast iron drop connection,Metre,16156.2
A19.24.1,19.0 DRAINAGE,Rectangular manhole 90x80 cm and 45 cm deep,Each,1477.0
A19.24.2,19.0 DRAINAGE,Rectangular manhole 120x90 cm and 90 cm deep,Each,2593.4
A19.24.4,19.0 DRAINAGE,Circular manhole 122 cm diameter and 1.68 m deep,Each,3758.7
A19.25.1,19.0 DRAINAGE,Rectangular manhole 90x80 cm and beyond 45 cm deep,Metre,1182.3
A19.25.2,19.0 DRAINAGE,Rectangular manhole 120x90 cm and beyond 90 cm deep,Metre,1408.1
A19.26.2,19.0 DRAINAGE,mm of grade LID - 2.5 Rectangular manhole 120x90 cm with cirular cover 500 mm dia of - grade MD - 10,Each,4453.0
A19.26.3,19.0 DRAINAGE,Rectangular manhole 120x90 cm with cirular cover 500 mm dia of Rectangular manhole 120x90 cm with circular cover 560 mm dia - of grade HD - 20,Each,4139.4
A19.26.4,19.0 DRAINAGE,Rectangular manhole 120x90 cm with circular cover 560 mm dia Circular manhole 140 cm dia with cirular cover 600 mm dia of - grade EHD - 35,Each,334.7
A19.27.1,19.0 DRAINAGE,complete as per standard design: With common burnt clay F.P.S. (non-modular) bricks of class - MF designation 7.5,Each,7151.6
A19.28.1,19.0 DRAINAGE,with bricks in cement mortar 1:4 ( 1 cement :4 coarse sand ) with With common burnt clay F.P.S. (non-modular) bricks of class - MF designation 7.5,Each,8374.6
A19.29.1,19.0 DRAINAGE,frame and vertical grating complete as per standard design : With common burnt clay F.P.S. (non-modular) bricks of class - MF designation 7.5,Each,13447.9
A19.30.1.1,19.0 DRAINAGE,Inside dimensions 455x610 mm and 45 cm deep for single pipe With common burnt clay F.P.S. (non-modular) bricks of class - MF designation 7.5,Each,9108.5
A19.30.2.1,19.0 DRAINAGE,one or two inlets. With common burnt clay F.P.S. (non-modular) bricks of class - MF designation 7.5,Each,10184.2
A19.30.3.1,19.0 DRAINAGE,~ three or more inletes. With common burnt clay F.P.S. (non-modular) bricks of class - MF designation 7.5,Each,11779.0
A19.31.1.1,19.0 DRAINAGE,With common burnt clay F.P.S. (non-modular) bricks of class With common burnt clay F.P.S. (non-modular) bricks of class - MF designation 7.5,Metre,8447.6
A19.31.2.1,19.0 DRAINAGE,With common burnt clay F.P.S. (non-modular) bricks of class With common burnt clay F.P.S. (non-modular) bricks of class - MF designation 7.5,Metre,9204.7
A19.31.3.1,19.0 DRAINAGE,With common burnt clay F.P.S. (non-modular) bricks of class With common burnt clay F.P.S. (non-modular) bricks of class - MF designation 7.5,Metre,10703.8
A19.32.1,19.0 DRAINAGE,"mm diameter, 1.8 m long complete as per standard design. With common burnt clay F.P.S. (non-modular) bricks of class - MF designation 7.5",Each,27202.4
A19.33,19.0 DRAINAGE,including S.W. drain pipe 100 mm diameter and 1.20 m long,Each,3647.1
A19.34.1,19.0 DRAINAGE,Providing and fixing $.W. intercepting trap in manholes with stiff testing of joints etc. complete. - 100 mm dia.,Each,415.1
A9.34.2,19.0 DRAINAGE,Providing and fixing $.W. intercepting trap in manholes with stiff testing of joints etc. complete. - 150 mm dia.,Each,559.6
A19.35.1,19.0 DRAINAGE,R.C.C. pipes including collars/spigot jointed with stiff mixture of including testing of joints etc. complete. - 450 mm dia. RCC pipes,Metre,95602.1
A19.35.3,19.0 DRAINAGE,R.C.C. pipes including collars/spigot jointed with stiff mixture of including testing of joints etc. complete. - 900 mm dia. RCC pipes,Metre,158379.2
A19.35.4,19.0 DRAINAGE,1000 mm dia. RCC pipes. (Laying by manual/mechanical means),Metre,183382.6
A19.35.5,19.0 DRAINAGE,1200 mm dia. RCC pipes. (Laying by manual/mechanical means),Metre,223517.6
A19.35.6,19.0 DRAINAGE,1800 mm dia. RCC pipes. (Laying by manual/mechanical means),Metre,273275.8
A19.36.1,19.0 DRAINAGE,pipes including collars/spigot jointed with stiff mixture of including testing of joints etc. complete. - 450 mm dia. RCC pipes,Metre,50846.0
A19.36.2,19.0 DRAINAGE,pipes including collars/spigot jointed with stiff mixture of including testing of joints etc. complete. - 600 mm dia. RCC pipes,Metre,137601.2
A19.36.3,19.0 DRAINAGE,pipes including collars/spigot jointed with stiff mixture of including testing of joints etc. complete. - 900 mm dia. RCC pipes,Metre,181847.9
A19.36.4,19.0 DRAINAGE,1000 mm dia. RCC pipes. (Laying by manual/mechanical means),Metre,209784.9
A19.36.5,19.0 DRAINAGE,1200 mm dia. RCC pipes. (Laying by manual/mechanical means),Metre,305658.2
A19.36.6,19.0 DRAINAGE,1800 mm dia. RCC pipes. (Laying by manual/mechanical means),Metre,396383.1
A20.1.1,20.0 PILE WORK,(Length of pile for payment shall be measured from top of shoe to the bottom of pile cap) : - 400 mm dia piles,Metre,3364.1
A20.1.2,20.0 PILE WORK,(Length of pile for payment shall be measured from top of shoe to the bottom of pile cap) : - 450 mm dia piles,Metre,3542.5
A20.1.3,20.0 PILE WORK,(Length of pile for payment shall be measured from top of shoe to the bottom of pile cap) : - 500 mm dia piles,Metre,4260.6
A20.1.4,20.0 PILE WORK,(Length of pile for payment shall be measured from top of shoe to the bottom of pile cap) : - 550 mm dia piles,Metre,4933.7
A20.1.5,20.0 PILE WORK,to the bottom of pile cap) : - 750 mm dia piles,Metre,8870.5
A20.1.6,20.0 PILE WORK,to the bottom of pile cap) : - 1000 mm dia piles,Metre,15507.6
A20.1.7,20.0 PILE WORK,1200 mm dia piles,Metre,21562.7
A20.1.8,20.0 PILE WORK,1500 mm dia piles,Metre,32679.1
A20.2.1,20.0 PILE WORK,excavated earth with all its lifts and leads ( Length of pile for payment shall be measured upto bottom of pile cap). - 450 mm dia piles,Metre,3550.7
A20.2.2,20.0 PILE WORK,excavated earth with all its lifts and leads ( Length of pile for payment shall be measured upto bottom of pile cap). - 500 mm dia piles,Metre,4209.2
A20.2.3,20.0 PILE WORK,excavated earth with all its lifts and leads ( Length of pile for payment shall be measured upto bottom of pile cap). - 600 mm dia piles,Metre,5786.1
A20.2.4,20.0 PILE WORK,excavated earth with all its lifts and leads ( Length of pile for payment shall be measured upto bottom of pile cap). - 750 mm dia piles,Metre,8891.2
A20.3.1,20.0 PILE WORK,the pile cap etc. all complete. ( Length of pile for payment shall be measured upto the bottom of pile cap) : - 300 mm dia piles,Metre,2039.2
A20.3.2,20.0 PILE WORK,the pile cap etc. all complete. ( Length of pile for payment shall be measured upto the bottom of pile cap) : - 400 mm dia piles,Metre,3237.9
A20.3.3,20.0 PILE WORK,the pile cap etc. all complete. ( Length of pile for payment shall be measured upto the bottom of pile cap) : - 450 mm dia piles,Metre,3955.7
A20.3.4,20.0 PILE WORK,the pile cap etc. all complete. ( Length of pile for payment shall be measured upto the bottom of pile cap) : - 550 mm dia piles,Metre,4802.2
A20.4.1,20.0 PILE WORK,Extra over single under ream for providing additional bulbs in extra bulbs are to be paid) - 300 mm dia pipes,Each,1537.2
A20.4.2,20.0 PILE WORK,Extra over single under ream for providing additional bulbs in extra bulbs are to be paid) - 400 mm dia pipes,Each,2060.2
A20.4.3,20.0 PILE WORK,Extra over single under ream for providing additional bulbs in extra bulbs are to be paid) - 450 mm dia pipes,Each,2375.0
A20.4.4,20.0 PILE WORK,extra bulbs are to be paid) - 550 mm dia pipes,Each,2794.2
A20.5.1,20.0 PILE WORK,cost of steel reinforcement (Length of pile for payment shall be measured from top of shoe to the bottom of pile cap) - 400 mm dia pipe,Metre,4185.2
A20.5.2,20.0 PILE WORK,cost of steel reinforcement (Length of pile for payment shall be measured from top of shoe to the bottom of pile cap) - 450 mm dia pipe,Metre,5215.0
A20.5.3,20.0 PILE WORK,cost of steel reinforcement (Length of pile for payment shall be measured from top of shoe to the bottom of pile cap) - 500 mm dia pipe,Metre,5770.5
A20.5.4,20.0 PILE WORK,cost of steel reinforcement (Length of pile for payment shall be measured from top of shoe to the bottom of pile cap) - 550 mm dia pipe,Metre,6698.4
A20.5.5,20.0 PILE WORK,cost of steel reinforcement (Length of pile for payment shall be measured from top of shoe to the bottom of pile cap) - 750 mm dia pipe,Metre,13562.3
A20.5.6,20.0 PILE WORK,measured from top of shoe to the bottom of pile cap) - 1000 mm dia pipe,Metre,18881.0
A20.6.1.2,20.0 PILE WORK,Routine test (Test load 1.5 times the Safety capacity),Each,24695.0
A20.6.2.1,20.0 PILE WORK,Initial test (Test load 2.5 times the safety capacity),Each,74085.0
A20.6.2.2,20.0 PILE WORK,Routine test (Test load 1.5 times the Safe capacity),Each,37865.6
A20.6.3.1,20.0 PILE WORK,Initial test (Test load 2.5 times the Safe Capacity),Each,82316.6
A20.6.3.2,20.0 PILE WORK,Routine test ( Test load 1.5 times the Safe Capacity),Each,48566.8
A20.7.1.1,20.0 PILE WORK,Cyclic Vertical load testing of piles in accordance with IS: 2911 - Upto 50 tonne Safe capacity pile,Each,24695.0
A20.7.1.2,20.0 PILE WORK,Above 50 tonne and upto 100 tonne Safe capacity pile,Each,37865.6
A20.8.1,20.0 PILE WORK,Lateral load testing of single pile in accordance with IS Code of - Upto 50 tonne capacity each,Each,24695.0
A20.8.2,20.0 PILE WORK,Above 50 tonne and upto 100 tonne capacity pile,Each,38853.4
A20.9,20.0 PILE WORK,dust & chipping lean concrete lumps etc. and use of,Each,863.4
A21.1.1.1,20.0 PILE WORK,"shade according to IS: 1868, Minimum anodic coating of grade AC",Kg,493.1
A21.1.1.3,20.0 PILE WORK,Auta faestrstmeecostngsomecerg) XS $030) st970 Sos srLxo ay san sso rs) ssay sma sas) 670,Kg,543.2
A21.1.2.1,20.0 PILE WORK,"shade according to IS: 1868, Minimum anodic coating of grade AC",Kg,580.1
A21.1.2.3,20.0 PILE WORK,Powder coated aluminium (minimum thickness of powder costing Polyester powder coated aluminium (minimum thickness of - . ;,Kg,565.9
A21.2.1,20.0 PILE WORK,‘direction of Engineer-in-charge. | | | | | | Pre-laminated particle board with decorative lamination on one - P : oe :,Sqm,1142.0
A21.2.2,20.0 PILE WORK,side and balancing lamination on other side Pre-laminated particle board with decorative lamination on both | | | | | | - sides.,Sqm,1202.5
A21.4.1,20.0 PILE WORK,With stainless steel cover plate (minimum 1.25mm thickness),Each,2856.7
A21.4.2,20.0 PILE WORK,With brass cover plate (minimum 1.25 mm thickness),Each,387.2
A21.5,20.0 PILE WORK,"brass/ stainless steel sunk screws, aluminium perimeter angles fixed to wall with stainless steel rawl plugs @ 450 mm centre to - wos vgs",Kg,765.5
A21.6,20.0 PILE WORK,"expandable dash fasteners of 12.5 mm dia and 40 mm long,",Each,80.9
A21.7.1,20.0 PILE WORK,"dyed to required shade according to IS: 1868, Minimum anodic",Kg,677.8
A21.7.2,20.0 PILE WORK,‘Anodised aluminium sheet 2.5 mm thick (anodised transparent or | | | | | | coating of grade AC 15) - . ; ;,Kg,717.5
A21.8.1,20.0 PILE WORK,", backer rod of approved quality as per architectural drawings and direction of Engineer-in-charge. - Upto 5mm depth and 5mm width",Metre,97.8
A21.9.1,20.0 PILE WORK,Ar.9_oalummm euded ct 15 to Aluminium extruded sections - For fixed portion,Kg,16.5
A21.10,20.0 PILE WORK,"providing EPDM gasket, perforated aluminium — spacers,",Sqm,4565.5
A21.11.1,20.0 PILE WORK,friction wndows stays of approved quality with necessary direction of Engineer-in-charge complete - 205x19 mm,Each,304.9
A21.11.2,20.0 PILE WORK,friction wndows stays of approved quality with necessary direction of Engineer-in-charge complete - 255x19 mm,Each,387.3
A21.11.3,20.0 PILE WORK,friction wndows stays of approved quality with necessary direction of Engineer-in-charge complete - 355x19 mm,Each,342.8
A21.11.5,20.0 PILE WORK,direction of Engineer-in-charge complete - 710x19 mm,Each,1503.5
A21.12.2,20.0 PILE WORK,as per direction of Engineer-in-charge. Powder coated minimum thickness 50 microns aluminium tubular - handle bar,Each,687.3
A21.12.3,20.0 PILE WORK,Polyester powder coated minimum thickness 50 micron,Each,703.5
A21.13,20.0 PILE WORK,aluminium doors including necessary cutting and making good,Metre,516.9
A21.14,20.0 PILE WORK,ventilators with extruded built up standard tubular sections of,kg,25.4
A21.15.1,20.0 PILE WORK,fastener of required dia and size (Dash fastener to be paid for Providing and fixing aluminium casement window fastener of - ‘Anodized (AC 15) aluminium,Each,80.6
A21.15.2,20.0 PILE WORK,Powder coated minimum thickness 50 micron aluminium,Each,85.5
A21.15.3,20.0 PILE WORK,Providing and fixing aluminium casement window fastener of Polyester Powder coated minimum thickness 50 micron - aluminium,Each,83.9
A21.16.1,20.0 PILE WORK,Polyester Powder coated minimum thickness 50 micron Providing and fixing aluminium round shape handle of outer dia | | | | | | - Anodized (AC 15) aluminium,Each,95.4
A21.16.2,20.0 PILE WORK,Powder coated minimum thickness 50 micron aluminium,Each,100.3
A21.16.3,20.0 PILE WORK,Providing and fixing aluminium round shape handle of outer dia | | | | | | Polyester Powder coated minimum thickness 50 micron - aluminium,Each,106.9
A21.17,20.0 PILE WORK,"200mm center to center, including cutting the grill to proper",kg,606.1
A21.18,20.0 PILE WORK,spring type fixing arrangement and making necessary holes etc,Sqm,5149.1
A21.19.1,20.0 PILE WORK,"direction of Engineer-in-charge complete, complying to ASTM-C 920, DIN 1854-F and ISO-11600. - Upto 5mm depth and 5mm width",Metre,140.0
A21.19.2,20.0 PILE WORK,"direction of Engineer-in-charge complete, complying to ASTM-C 920, DIN 1854-F and ISO-11600. - Upto 10mm depth and 10mm width",Metre,193.2
A21.19.3,20.0 PILE WORK,"direction of Engineer-in-charge complete, complying to ASTM-C 920, DIN 1854-F and ISO-11600. - Upto 20mm depth and 20mm width",Metre,356.2
A22.1.1,22.0 WATER PROOFING,top with stone aggregate of 10mm to 12 mm nominal size spreading @ 8 cudm/ sqm thoroughly embedded in the 2nd layer. - Using rough kota stone.,Sqm,1501.0
A22.2.1,22.0 WATER PROOFING,water proofing compound in recommended proportion complete at all levels and as directed by Engineer-in-charge - Using rough Kota stone,Sqm,1908.0
A22.4.2,22.0 WATER PROOFING,"Dumb bell with central bulb ( 180 mm wide, 8 mm thick)",Metre,276.0
A22.4.3,22.0 WATER PROOFING,"binding wire before pouring concrete etc. complete. Amat [RERUNS [ewe | son] satan] sens enon) ena] soy aan] sr] setae] amo0) anon] ain. - Kickers ( 320mm wide, 5 mm thick)",Metre,317.0
A22.9,22.0 WATER PROOFING,grade | conforming to IS: 1322 (Hessian based self finished,Sqm,702.9
A22.10,22.0 WATER PROOFING,roofing felt type 3 grade | (fibre based self finished bitumen felt),Sqm,783.6
A22.12,22.0 WATER PROOFING,Supplying and applying bituminous solution primer on roof and or,Sqm,46.1
A22.13.1,22.0 WATER PROOFING,wall surface at 0.24 litre per sqm spreading stone grit 6 mm or down size or pea sized gravel - At 6 cudm per sqm,Sqm,17.2
A22.13.2,22.0 WATER PROOFING,wall surface at 0.24 litre per sqm spreading stone grit 6 mm or down size or pea sized gravel - At 8 cudm per sqm,Sqm,21.6
A22.14.1,22.0 WATER PROOFING,spreading stone grit 6 mm or down size or pea sized gravel Cement Concrete 1:2:4 (1 cement: 2 coarse sand: 4 graded stone - : ;,Cum,10155.5
A22.14.2,22.0 WATER PROOFING,Cement Mortar 1:3 (1 cement: 3 coarse sand),Cum,13309.0
A22.14.3,22.0 WATER PROOFING,Cement Mortar 1:4 (1 cement: 4 coarse sand),Cum,14663.1
A22.22,22.0 WATER PROOFING,of work. The material shall meet the requirements as specified in,Kg,476.4
A22.23.1,22.0 WATER PROOFING,For vertical surface two coats @ 0.70 kg per sqm,Sqm,596.1
A22.23.2,22.0 WATER PROOFING,For horizontal surface one coats @ 1.10 kg per sqm,Sqm,459.5
A22.24,22.0 WATER PROOFING,"permeability of concrete by more than 85%, compared control",Sqm,403.2
A22.25.1,22.0 WATER PROOFING,while the syrface is tacky filled the grooves up to surface with —,Metre,646.8
A22.25.2,22.0 WATER PROOFING,the tie rod holes with crystalline mortar @ 0.04kg/hole.The) —,Each,25.5
A22.26,22.0 WATER PROOFING,applied throughout the length of the joint @ 3.78 litre per 240,Metre,679.5
A23.1.1.2,23.0 RAIN WATER HARVESTING,"for the job, all complete as per direction of Engineer-in-charge, upto 90 metre depth below ground level. - /350 mm dia",Metre,798.6
A23.1.1.3,23.0 RAIN WATER HARVESTING,"for the job, all complete as per direction of Engineer-in-charge, upto 90 metre depth below ground level. - 400 mm dia",Metre,1022.2
A23.1.2.2,23.0 RAIN WATER HARVESTING,"for the job, all complete as per direction of Engineer-in-charge, upto 90 metre depth below ground level. - /350 mm dia",Metre,1706.7
A23.2.1.2,23.0 RAIN WATER HARVESTING,"for the job, all complete as per direction of Engineer-in-charge, beyond 150 metre depth below ground level. - /350 mm dia",Metre,946.5
A23.2.1.3,23.0 RAIN WATER HARVESTING,"for the job, all complete as per direction of Engineer-in-charge, beyond 150 metre depth below ground level. - 400 mm dia",Metre,1277.8
A23.2.2.2,23.0 RAIN WATER HARVESTING,"for the job, all complete as per direction of Engineer-in-charge, beyond 150 metre depth below ground level. - /350 mm dia",Metre,1810.1
A23.2.2.3,23.0 RAIN WATER HARVESTING,beyond 150 metre depth below ground level. - 400 mm dia,Metre,2259.6
A23.3.1,23.0 RAIN WATER HARVESTING,"labour charges, fittings and accessories etc. all complete, for all depths, as per direction of Engineer-in-charge - 100 mm nominal size dia",Metre,733.7
A23.3.2,23.0 RAIN WATER HARVESTING,"labour charges, fittings and accessories etc. all complete, for all depths, as per direction of Engineer-in-charge - 150 mm nominal size dia",Metre,843.7
A23.3.3,23.0 RAIN WATER HARVESTING,"labour charges, fittings and accessories etc. all complete, for all depths, as per direction of Engineer-in-charge - 200 mm nominal size dia",Metre,1303.5
A23.4.1,23.0 RAIN WATER HARVESTING,"charges, fittings and accessories etc. all complete, for all depths, as per direction of Engineer-in-charge - (100 mm nominal size dia",Metre,796.6
A23.4.2,23.0 RAIN WATER HARVESTING,"charges, fittings and accessories etc. all complete, for all depths, as per direction of Engineer-in-charge - 150 mm nominal size dia",Metre,911.8
A23.5,23.0 RAIN WATER HARVESTING,"Supplying, filling, spreading and leveling stone boulders of size range 5 cm to 20 cm, in recharge pit, in the required thickness, - . was . .",Cum,1553.2
A23.6,23.0 RAIN WATER HARVESTING,"boulders, in required thickness, for all leads & lifts, all complete",Cum,1553.2
A23.7,23.0 RAIN WATER HARVESTING,"over gravel layer, for all leads & lifts, all complete as per",Cum,1553.2
A23.8,23.0 RAIN WATER HARVESTING,"required grading & sizes as per actual requirement, all complete",Cum,1747.9
A23.9,23.0 RAIN WATER HARVESTING,"nos cross sectional T.M.T. hoop bars, including providing 50 mm",Cum,1489.9
A23.10.2,23.0 RAIN WATER HARVESTING,150 mm nominal size dia having minimum wall thickness 5.00 mm),Metre,2001.9
A23.10.3,23.0 RAIN WATER HARVESTING,200 mm nominal size dia having minimum wall thickness 5.40 mm) _—,Metre,2485.0
A23.11.1,23.0 RAIN WATER HARVESTING,"charges, fittings & accessories, all complete, for all depths, as per direction of Engineer-in-charge. - 100 mm nominal size dia",Metre,1526.6
A23.11.2,23.0 RAIN WATER HARVESTING,"charges, fittings & accessories, all complete, for all depths, as per direction of Engineer-in-charge. - 150 mm nominal size dia",Metre,2134.5
A23.11.3,23.0 RAIN WATER HARVESTING,"charges, fittings & accessories, all complete, for all depths, as per direction of Engineer-in-charge. - 200 mm nominal size dia",Metre,2618.6
A23.13.1,23.0 RAIN WATER HARVESTING,"Providing and fixing suitable size threaded mild steel cap or spot removable as per requirement, all complete for borewell of: - 100 mm dia",Each,222.0
A23.13.2,23.0 RAIN WATER HARVESTING,"Providing and fixing suitable size threaded mild steel cap or spot removable as per requirement, all complete for borewell of: - 150 mm dia",Each,246.9
A23.13.3,23.0 RAIN WATER HARVESTING,"Providing and fixing suitable size threaded mild steel cap or spot removable as per requirement, all complete for borewell of: - 200 mm dia",Each,329.3
A23.14.1,23.0 RAIN WATER HARVESTING,Providing and fixing M.S. clamp of required dia to the top of necessary bolts & nuts of required size complete. - /100 mm clamp,Each,1725.0
A23.14.2,23.0 RAIN WATER HARVESTING,Providing and fixing M.S. clamp of required dia to the top of necessary bolts & nuts of required size complete. - 150 mm clamp,Each,2406.5
A23.15.1,23.0 RAIN WATER HARVESTING,. bottomof pipe assembly of tubewell as per IS: 2800 (part 1). - 100 mm dia,Each,279.9
A23.15.2,23.0 RAIN WATER HARVESTING,. bottomof pipe assembly of tubewell as per IS: 2800 (part 1). - 150 mm dia,Each,345.7
A23.15.3,23.0 RAIN WATER HARVESTING,. bottomof pipe assembly of tubewell as per IS: 2800 (part 1). - 200 mm dia,Each,378.7
A24.1,24.0 CONSERVATION OF HERITAGE BUILDINGS,"manual means, including preparing and cleaning the surface for",Sqm,41.9
A24.2,24.0 CONSERVATION OF HERITAGE BUILDINGS,"system shall be stiffened with with bracings, runners, connecting",Sqm,242.8
A24.3,items for such works.,"quantity of fine silica wherever required, without causing any",Sqm,141.1
A24.5,items for such works.,red and 50% light yellow surkhi) : 1/2 arble dust). (The rate is,Sqm,226.2
A24.6,items for such works.,(15% dark red and 85% light yellow surkhi) : 1/2 arble dust). (The,Sqm,226.2
A24.8,items for such works.,stone masonary surface with two or more coats to give uniform,Sqm,99.7
A25.1,25.0 STRUCTURAL GLAZING,colour and shade as approved by the Engineer-in-charge. (The,Kg,455.8
A25.4,25.0 STRUCTURAL GLAZING,"min 4 -point cremone locking sets with stainless steel plates,",Sqm,3892.2
A25.5,25.0 STRUCTURAL GLAZING,"insulation 50 mm thick, conforming to 1IS:8183 and BS: 3958 Part 5. The insulation layer shall have fencing (factory bonded on - ; : :",Sqm,2317.7
A26.2,26.0 NEW TECHNOLOGIES AND MATERIALS,"rawl plugs, over underlayment of 4 mm_ thick expanded",Sqm,6293.2
A26.3,26.0 NEW TECHNOLOGIES AND MATERIALS,"and bottom and top of work height, 40x15 mm placed at ends of",Sqm,6744.7
A26.4,26.0 NEW TECHNOLOGIES AND MATERIALS,mm deep grive to fit in panels.The bamboowood shall have,Sqm,6614.8
A26.5,26.0 NEW TECHNOLOGIES AND MATERIALS,planks shall have minimum density of 1000 Kg/cum & minimum) —,sqm,4067.9
A26.6,26.0 NEW TECHNOLOGIES AND MATERIALS,have minimum density of 1000 Kg/cum & minimum Hardness 1000,Cum,305.8
A26.7,26.0 NEW TECHNOLOGIES AND MATERIALS,"absorptions < 1 % by volume as per ASTM D 2842, oxygen index of",Sqm,969.7
A26.8,26.0 NEW TECHNOLOGIES AND MATERIALS,"D 1622, water absorptions < 1% by volume as per ASTM D 2842,",Sqm,1024.9
A26.9,26.0 NEW TECHNOLOGIES AND MATERIALS,Kg/cum and the exposed edges sealed with PVC edge beading of,Metre,435.9
a10,for plumbing work.,mm & L=200 mm,Sqm,3889.9
A26.73.1.1,for plumbing work.,Note:Excess/less cement over the specified cement content used as per design mix is payable/recoverable separately - 100 mm thick hollow core slab,Metre,2211.0
A26.73.1.2,for plumbing work.,Note:Excess/less cement over the specified cement content used as per design mix is payable/recoverable separately - 120 mm thick hollow core slab,Metre,2618.8
A26.73.1.3,for plumbing work.,Note:Excess/less cement over the specified cement content used as per design mix is payable/recoverable separately - 150 mm thick hollow core slab,Metre,3230.4
A26.73.1.4,for plumbing work.,as per design mix is payable/recoverable separately - 200 mm thick hollow core slab,Metre,3979.2
A26.73.1.5,for plumbing work.,as per design mix is payable/recoverable separately - 250 mm thick hollow core slab,Metre,4930.9
A26.73.1.6,for plumbing work.,300 mm thick hollow core slab,Metre,5882.6
A26.73.1.7,for plumbing work.,350 mm thick hollow core slab,Metre,6834.3
A26.73.1.8,for plumbing work.,400 mm thick hollow core slab,Metre,7786.0
A26.73.2.1,for plumbing work.,Aria | irafrwig one conenesMaTinimeaTAa [TT - 100 mm thick hollow core slab,Metre,25.3
A26.73.2.2,for plumbing work.,Aria | irafrwig one conenesMaTinimeaTAa [TT - 120 mm thick hollow core slab,Metre,30.4
A26.73.2.3,for plumbing work.,Aria | irafrwig one conenesMaTinimeaTAa [TT - 150 mm thick hollow core slab,Metre,37.9
A26.73.2.4,for plumbing work.,Aria | irafrwig one conenesMaTinimeaTAa [TT - 200 mm thick hollow core slab,Metre,47.2
A26.73.2.5,for plumbing work.,Aria | irafrwig one conenesMaTinimeaTAa [TT - 250 mm thick hollow core slab,Metre,59.0
A26.73.2.6,for plumbing work.,Aria | irafrwig one conenesMaTinimeaTAa [TT - 300 mm thick hollow core slab,Metre,70.8
A26.73.2.7,for plumbing work.,350 mm thick hollow core slab,Metre,82.6
A26.73.2.8,for plumbing work.,400 mm thick hollow core slab,Metre,94.4
A26.73.3.1,for plumbing work.,100 mm thick hollow core slab,Metre,40.5
A26.73.3.2,for plumbing work.,120 mm thick hollow core slab,Metre,48.5
A26.73.3.3,for plumbing work.,150 mm thick hollow core slab,Metre,60.7
A26.73.3.4,for plumbing work.,200 mm thick hollow core slab,Metre,75.5
A26.73.3.5,for plumbing work.,250 mm thick hollow core slab,Metre,94.4
A26.73.3.7,for plumbing work.,350 mm thick hollow core slab,Metre,132.2
A26.74.1,for plumbing work.,Concrete grade M-35 (cement content 370 Kgs),Cum,37267.5
A26.74.2,for plumbing work.,Extra for using M-40 (Cement content 400 Kg) instead of M-35,Cum,337.3
